cell_id,cycle,ambient_temperature,capacity_ah,voltage_mean,voltage_min,voltage_max,voltage_std,voltage_range,current_mean,current_min,current_max,current_std,temperature_mean,temperature_min,temperature_max,temperature_std,discharge_duration_s,voltage_start,voltage_end,voltage_drop,resistance_proxy_ohm,reference_capacity_ah,soh,capacity_fade_pct,capacity_change_ah,soh_change_pct,eol_cycle_observed,rul_cycles,eol_cycle_threshold,is_pre_eol,rul_cycles_80,soh_slope_pct_per_cycle,soh_slope_early_pct_per_cycle,discharge_index,load_a,last_load_a,delta_load_a,prev_capacity_change_ah,d_voltage_mean,d_voltage_end,d_voltage_drop,d_discharge_duration_s,d_resistance_proxy_ohm,d_temperature_mean,sl_voltage_mean,sl_voltage_end,sl_voltage_drop,sl_discharge_duration_s,sl_resistance_proxy_ohm,sl_temperature_mean,predicted_soh
B0018,3,24.0,1.8550045207910817,3.5275462263272543,2.472160843460044,4.188195942647034,0.2356155544529411,1.71603509918699,-1.9541761960216968,-2.012995081928318,0.0014590806056812,0.3275552119001775,31.773285281389256,23.8195202516044,38.10180309676608,3.3892433008816,3434.891,4.188108651124536,3.0532303394443336,1.1348783116802026,0.8518610803377002,1.8550045207910817,100.0,0.0,,,319,316,185,True,182.0,-0.100113905029634,-0.1296859246447222,1,1.9541761960216968,,,,,,,,,,,,,,,,93.69768
B0018,7,24.0,1.8431955317089987,3.534835576186522,2.4114381994148304,4.186703558364525,0.2378965678417878,1.7752653589496945,-1.9474374301153288,-2.012643873951446,0.0031077708566253,0.3447491207313536,31.92489159472864,24.314787074430125,38.14987995994155,3.275230222415592,3425.485,4.18651605270106,3.0882001701258264,1.0983158825752333,0.8806964704814741,1.8550045207910817,99.3633983664338,0.636601633566201,-0.0118089890820829,-0.636601633566201,319,312,185,True,178.0,-0.100113905029634,-0.1296859246447222,2,1.9474374301153288,1.9541761960216968,-0.006738765906368,,0.0072893498592678,0.0349698306814927,-0.0365624291049693,-9.405999999999947,0.0288353901437738,0.1516063133393821,,,,,,,95.81891
B0018,11,24.0,1.8396018424355425,3.538246596159443,2.394395968141027,4.188811210133346,0.2372897126120675,1.7944152419923185,-1.952051132347974,-2.0118244627327857,0.002173103354404,0.3309288012685717,31.31691283374216,23.74169210144422,37.5266914843442,3.2627553263141578,3410.375,4.188811210133346,3.0768576543441712,1.1119535557891744,0.8909719019564271,1.8550045207910817,99.16966895859798,0.8303310414020189,-0.0035936892734562,-0.1937294078358178,319,308,185,True,174.0,-0.100113905029634,-0.1296859246447222,3,1.952051132347974,1.9474374301153288,0.0046137022326451,-0.0118089890820829,0.0034110199729209,-0.0113425157816551,0.0136376732139411,-15.110000000000127,0.0102754314749529,-0.6079787609864802,0.0053501849160944,0.0118136574499188,-0.011462377945514,-12.258000000000038,0.0195554108093634,-0.228186223823549,95.42308
B0018,15,24.0,1.8306736044962053,3.537697945111872,2.3999481734774424,4.188875360300162,0.2366874458874499,1.7889271868227192,-1.946091456212276,-2.0135271229076634,0.0019898436251189,0.3479124254783602,30.821190751176527,23.227856809949373,37.06279237079503,3.286261154647626,3404.719,4.188875360300162,3.102423910252407,1.0864514500477545,0.8875773394754115,1.8550045207910817,98.68836350412234,1.3116364958776645,-0.0089282379393371,-0.4813054544756454,319,304,185,True,170.0,-0.100113905029634,-0.1296859246447222,4,1.946091456212276,1.952051132347974,-0.0059596761356979,-0.0035936892734562,-0.0005486510475711,0.0255662559082359,-0.0255021057414199,-5.655999999999949,-0.0033945624810155,-0.4957220825656314,0.0033866176326773,0.0136238196642565,-0.0131642911683403,-10.56260000000002,0.0117424208888086,-0.3464262351624668,93.75041
B0018,18,24.0,1.8327002069419656,3.542667604586918,2.3851461229395867,4.189908817357781,0.2394353252581165,1.8047626944181947,-1.9412796601390512,-2.014479287336525,0.0017914962991381,0.3634908467567985,31.95346971511436,24.41464171159345,38.2110354381278,3.299128199072179,3417.641,4.189872293159027,3.117644174420054,1.0722281187389733,0.8950993631737871,1.8550045207910817,98.79761404357092,1.2023859564290689,0.0020266024457602,0.1092505394485954,319,301,185,True,167.0,-0.100113905029634,-0.1296859246447222,5,1.9412796601390512,1.946091456212276,-0.0048117960732247,-0.0089282379393371,0.0049696594750461,0.0152202641676466,-0.0142233313087811,12.922000000000024,0.0075220236983756,1.132278963937832,0.0033105125444677,0.0143051410078021,-0.0137164818409937,-5.526600000000007,0.0093357434666111,-0.0743331976101906,96.63444
B0018,20,24.0,1.8285288846046388,3.5451037330477333,2.371677070838912,4.190509582057232,0.2411075275244998,1.8188325112183208,-1.940033881908304,-2.01246830059768,0.0026630542241708,0.3649633222354457,32.02311236185272,24.695286535085184,38.17496505957075,3.208976723644848,3411.766,4.190288371391284,3.114007318732072,1.076281052659212,0.9025875692252904,1.8550045207910817,98.57274546289774,1.4272545371022574,-0.0041713223373267,-0.2248685806731885,319,299,185,True,165.0,-0.100113905029634,-0.1296859246447222,6,1.940033881908304,1.9412796601390512,-0.0012457782307471,0.0020266024457602,0.0024361284608152,-0.0036368556879819,0.0040529339202386,-5.875,0.0074882060515032,0.0696426467383588,0.0031638562216003,0.0119366618637031,-0.0113357626387186,-4.137514285714289,0.0083841874295392,0.0239756480259667,96.20447
B0018,22,24.0,1.8212011895697924,3.5475142438631493,2.49644915770408,4.1903241054041,0.2318511800008401,1.6938749477000208,-1.933566718484772,-2.0129654127777004,0.0024302706501015,0.3808832811419138,31.63453315807769,24.31366014142129,37.64038685475582,3.1972191610410667,3399.516,4.190037536076311,3.1692830921950352,1.0207544438812757,0.8404676866326637,1.8550045207910817,98.17772243450524,1.8222775654947585,-0.0073276950348464,-0.3950230283925009,319,297,185,True,163.0,-0.100113905029634,-0.1296859246447222,7,1.933566718484772,1.940033881908304,-0.0064671634235324,-0.0041713223373267,0.0024105108154159,0.0552757734629634,-0.0555266087779362,-12.25,-0.0621198825926266,-0.3885792037750271,0.0030307633841993,0.0157342526978742,-0.0152202392956794,-4.510607142857144,0.0004903384853529,0.0148836444887736,96.19584
B0018,24,24.0,1.815170010643328,3.544812433691423,2.4374506721131883,4.190302498850287,0.2359561532347725,1.752851826737099,-1.9332161326561408,-2.0253396376938984,0.0073151778476343,0.3824771942488669,31.288194921595714,23.917267950078497,37.37602884738843,3.2292773880953023,3388.75,4.190297406725935,3.1646802675456325,1.0256171391803024,0.8623460379671549,1.8550045207910817,97.85259228744272,2.147407712557268,-0.0060311789264644,-0.3251301470625094,319,295,185,True,161.0,-0.100113905029634,-0.1296859246447222,8,1.9332161326561408,1.933566718484772,-0.0003505858286307,-0.0073276950348464,-0.0027018101717262,-0.0046028246494027,0.0048626952990267,-10.766000000000076,0.0218783513344912,-0.3463382364819765,0.0024975935722884,0.0156218257665057,-0.0151651933531875,-5.1873452380952445,-0.0010164308372964,-0.0190065137326193,95.33582
B0018,27,24.0,1.8042980520967649,3.543478027416409,2.4152206992194847,4.188517549229078,0.2368262064769387,1.7732968500095936,-1.932595948997046,-2.0164107237206794,0.0013308719123062,0.3841188149850458,31.11122470608501,23.65464110227768,37.28928029078695,3.2781775320054463,3380.406,4.188312445698188,3.1668909591239487,1.0214214865742397,0.8788523039062852,1.8550045207910817,97.26650430627024,2.7334956937297648,-0.010871958546563,-0.586087981172497,319,292,185,True,158.0,-0.100113905029634,-0.1296859246447222,9,1.932595948997046,1.9332161326561408,-0.0006201836590948,-0.0060311789264644,-0.001334406275014,0.0022106915783162,-0.0041956526060626,-8.344000000000051,0.0165062659391302,-0.1769702155107033,0.0019933143369099,0.0146752842526545,-0.0144082025302164,-5.713600000000012,-0.0005514100694377,-0.0453528343544749,95.208496
B0018,30,24.0,1.8231002302844224,3.543133206790044,2.377432309524995,4.191794143442699,0.2397794991641069,1.814361833917704,-1.9387520938161948,-2.0137948590788683,0.0019160597964111,0.369052527945247,31.13166983979621,23.598003231352457,37.52377766578506,3.332242371690498,3404.141,4.191467835993785,3.14417553147664,1.047292304517145,0.9001101382781994,1.8550045207910817,98.28009634752516,1.7199036524748408,0.0188021781876575,1.013592041254924,319,289,185,True,155.0,-0.100113905029634,-0.1296859246447222,10,1.9387520938161948,1.932595948997046,0.0061561448191489,-0.010871958546563,-0.0003448206263652,-0.0227154276473084,0.0258708179429052,23.735000000000127,0.0212578343719141,0.020445133711199,0.0016090557281749,0.012153915196514,-0.0118257879036244,-4.37522424242425,0.000874922927364,-0.0551765265947465,96.143875
B0018,32,24.0,1.8121253520255487,3.545155146280937,2.3887487262583647,4.190699409462101,0.2394912052033424,1.8019506832037364,-1.9319248326301843,-2.0130992718348324,0.0028767662739353,0.3851800477462704,31.51305775907457,24.126322531318674,37.72420412562674,3.260551448947548,3396.141,4.190699409462101,3.163511863010266,1.027187546451835,0.8938353676535692,1.8550045207910817,97.68846014740458,2.3115398525954163,-0.0109748782588732,-0.5916362001205755,319,287,185,True,153.0,-0.100113905029634,-0.1296859246447222,11,1.9319248326301843,1.9387520938161948,-0.0068272611860105,0.0188021781876575,0.0020219394908931,0.0193363315336259,-0.0201047580653099,-8.0,-0.0062747706246302,0.3813879192783602,0.0009989564540336,0.0101075737762705,-0.0097775342353715,-3.2013454545454585,-0.0001320442864054,-0.035984480535132,96.22881
B0018,34,24.0,1.8046916382117768,3.545032366549762,2.432289857016922,4.190263311275428,0.2363654368710538,1.7579734542585057,-1.9249594896453863,-2.012646457499825,0.0026282018790305,0.4008923507156673,31.31102568785445,24.009919830527505,37.41366095304306,3.221069707400618,3384.094,4.19016920493495,3.197452536412128,0.9927166685228226,0.8723244973468507,1.8550045207910817,97.28772183488542,2.712278165114583,-0.0074337138137723,-0.4007383125191666,319,285,185,True,151.0,-0.100113905029634,-0.1296859246447222,12,1.9249594896453863,1.9319248326301843,-0.006965342984798,-0.0109748782588732,-0.0001227797311749,0.0339406734018616,-0.0344708779290123,-12.047000000000024,-0.0215108703067185,-0.2020320712201204,0.000654675306947,0.0109071181195501,-0.0107416629371735,-2.8419454545454537,-0.0008987515959972,-0.0145510050792661,95.16445
B0018,36,24.0,1.790844349786295,3.5440892170496827,2.497495633221204,4.18970538556629,0.231523097251694,1.692209752345086,-1.9179528942264992,-2.011939908405691,0.0032049896807159,0.4160479816041276,30.893964711700164,23.551364638150325,36.94724908852665,3.2329854477192024,3370.656,4.189633938587357,3.234382458426959,0.9552514801603976,0.839745942811367,1.8550045207910817,96.54123910288772,3.4587608971122705,-0.0138472884254818,-0.7464827319976877,319,283,185,True,149.0,-0.100113905029634,-0.1296859246447222,13,1.9179528942264992,1.9249594896453863,-0.0070065954188871,-0.0074337138137723,-0.0009431495000793,0.0369299220148313,-0.0374651883624249,-13.438000000000102,-0.0325785545354836,-0.4170609761542856,0.0003627535142538,0.0116405830201793,-0.0115601786802097,-3.721151515151522,-0.0026559637439262,-0.0489574286688031,93.788345
B0018,39,24.0,1.783470722841926,3.541317108618481,2.478768686108376,4.188354430914051,0.2321599725190285,1.7095857448056746,-1.917373033348097,-2.013704827395307,0.0038464738146169,0.4177151568318644,30.540598970902945,23.09050168217513,36.70709131205994,3.289215654112624,3357.797,4.188143316830064,3.241810891419118,0.9463324254109456,0.8473567654911363,1.8550045207910817,96.14373996680884,3.8562600331911625,-0.0073736269443689,-0.397499136078892,319,280,185,True,146.0,-0.100113905029634,-0.1296859246447222,14,1.917373033348097,1.9179528942264992,-0.0005798608784022,-0.0138472884254818,-0.0027721084312015,0.007428432992159,-0.0089190547494519,-12.858999999999924,0.0076108226797692,-0.3533657407972193,-0.0001877705765275,0.0125742606708354,-0.0126659096029012,-5.1973818181818245,-0.0036034235578135,-0.1305598421450851,93.7143
B0018,42,24.0,1.7809386125310702,3.541197979542517,2.385849407868021,4.193543208571066,0.2398484874153809,1.8076938007030456,-1.918065242227558,-2.0130040542547274,0.0019820132803126,0.4185103779219493,30.82566018736547,23.303464882146475,37.13061214416645,3.353002685245749,3363.015,4.193543208571066,3.227333797828033,0.966209410743033,0.8971247145715613,1.8550045207910817,96.00723839592447,3.992761604075525,-0.0025321103108557,-0.1365015708843628,319,277,185,True,143.0,-0.100113905029634,-0.1296859246447222,15,1.918065242227558,1.917373033348097,0.0006922088794609,-0.0073736269443689,-0.0001191290759643,-0.0144770935910849,0.0198769853320873,5.217999999999847,0.049767949080425,0.2850612164625268,-0.0004573506338022,0.0120434237832547,-0.0119372509930727,-4.95877575757577,-0.0008472776118553,-0.1177270852454515,94.271034
B0018,44,24.0,1.771209039672698,3.541255460524434,2.372854084449551,4.190238041929225,0.2410751546863414,1.8173839574796744,-1.9106033469326071,-2.014784153266325,0.0020341106534608,0.4333538762209249,31.451400678644536,24.000119916961825,37.686600065941576,3.325243999668731,3357.734,4.190238041929225,3.238447609004798,0.9517904329244272,0.9011143889323464,1.8550045207910817,95.4827343988009,4.5172656011991,-0.0097295728583721,-0.5245039971235741,319,275,185,True,141.0,-0.100113905029634,-0.1296859246447222,16,1.9106033469326071,1.918065242227558,-0.0074618952949507,-0.0025321103108557,5.748098191737938e-05,0.0111138111767647,-0.0144189778186057,-5.280999999999949,0.0039896743607851,0.6257404912790641,-0.0005435731638344,0.0105467665393535,-0.0104398112393227,-4.737757575757589,0.0026011509584547,-0.0524497671874465,95.0019
B0018,46,24.0,1.7686303996707076,3.5427478949705886,2.4086912736769084,4.19075698083662,0.2385161329146751,1.782065707159712,-1.909404549449075,-2.0129355983090056,0.0030576354902658,0.4345292193646614,31.518847747922937,24.22294874000798,37.633580732302406,3.2500563963932576,3344.187,4.19075698083662,3.252365295673925,0.9383916851626952,0.8839641310706645,1.8550045207910817,95.34372449488482,4.656275505115175,-0.0025786400019904,-0.1390099039160759,319,273,185,True,139.0,-0.100113905029634,-0.1296859246447222,17,1.909404549449075,1.9106033469326071,-0.0011987974835321,-0.0097295728583721,0.0014924344461544,0.013917686669127,-0.013398747761732,-13.547000000000024,-0.0171502578616818,0.0674470692784012,-0.0003410437300388,0.0119859402504177,-0.0118660089821988,-5.417400000000014,0.000990642142776,-0.0024689597452192,95.10363
B0018,48,24.0,1.7536304801917124,3.541251093602656,2.496331992137246,4.189715378549557,0.2320883101405075,1.6933833864123105,-1.896056770245541,-2.0117266911103093,0.0057259807892281,0.4608372568983002,31.11237289077096,23.79566158754756,37.15252578645951,3.2602557029885486,3339.969,4.189715378549557,3.2983555817913413,0.8913597967582154,0.8393670939590872,1.8550045207910817,94.5351054693852,5.464894530614799,-0.0149999194789951,-0.808619025499624,319,271,185,True,137.0,-0.100113905029634,-0.1296859246447222,18,1.896056770245541,1.909404549449075,-0.0133477792035339,-0.0025786400019904,-0.0014968013679323,0.0459902861174161,-0.0470318884044798,-4.217999999999847,-0.0445970371115773,-0.4064748571519772,-0.0003425047593661,0.0146197630339397,-0.0145350663003104,-6.374193939393948,-0.0021211052074529,0.0036535234827048,94.4865
B0018,51,24.0,1.7462197416415093,3.5350260562177453,2.4199896352919668,4.187635645163932,0.236367912127833,1.7676460098719655,-1.8948411660605733,-2.012077515518729,0.0035410701860686,0.4628974572466668,30.586452588663985,23.127324953354822,36.78829001793698,3.3321205431155807,3327.641,4.187635645163932,3.29909945338278,0.8885361917811525,0.87697445459597,1.8550045207910817,94.13560571253056,5.864394287469452,-0.0074107385502031,-0.3994997568546523,319,268,185,True,134.0,-0.100113905029634,-0.1296859246447222,19,1.8948411660605733,1.896056770245541,-0.0012156041849678,-0.0149999194789951,-0.0062250373849108,0.0007438715914389,-0.0028236049770629,-12.327999999999976,0.0376073606368828,-0.5259203021069752,-0.0007293059420983,0.0158212332307527,-0.0160104868827619,-7.968406060606068,-0.0018025915935697,-0.0285773934586498,91.75228
B0018,54,24.0,1.7376647337053737,3.5326627624319777,2.3587321881999297,4.191004692440202,0.2416685170181151,1.832272504240272,-1.90021436299665,-2.011349710066744,0.0036253848491611,0.4524585670439338,30.24291302110412,22.78096726207093,36.541146197392216,3.3512442282208244,3312.844,4.191004692440202,3.28291220363392,0.9080924888062816,0.9093276184223714,1.8550045207910817,93.67442042482638,6.32557957517362,-0.0085550079361356,-0.4611852877041684,319,265,185,True,131.0,-0.100113905029634,-0.1296859246447222,20,1.90021436299665,1.8948411660605733,0.0053731969360766,-0.0074107385502031,-0.0023632937857676,-0.0161872497488602,0.019556297025129,-14.797000000000024,0.0323531638264014,-0.3435395675598656,-0.001165553964616,0.0130228734858821,-0.0130837483125814,-8.147818181818181,0.0017205908151577,-0.0718229492022684,89.66776
B0018,56,24.0,1.7315166735475835,3.5333109441755526,2.4458096660548825,4.1906972904216495,0.2353392099181246,1.744887624366767,-1.8936767267608487,-2.0122749284189503,0.0031433432763886,0.4661602471420678,30.10270376338569,22.57870761159904,36.372087786130464,3.377498800277712,3302.031,4.1906972904216495,3.3143599232411147,0.8763373671805348,0.8657694776672805,1.8550045207910817,93.3429894181155,6.6570105818845065,-0.0061480601577901,-0.3314310067108863,319,263,185,True,129.0,-0.100113905029634,-0.1296859246447222,21,1.8936767267608487,1.90021436299665,-0.0065376362358011,-0.0085550079361356,0.0006481817435748,0.0314477196071947,-0.0317551216257467,-10.813000000000102,-0.0435581407550909,-0.1402092577184284,-0.0013047361761753,0.0115472760381028,-0.0115421539965124,-8.34373333333333,0.0023378295635512,-0.086517611430855,89.71502
B0018,58,24.0,1.7085949894470602,3.52738705832889,2.3808537751929744,4.185877977731026,0.239003879665238,1.805024202538052,-1.8739718829459888,-2.012448687975656,0.0026688208535405,0.5016651228882696,30.25118485222193,22.714077867822585,36.52608510498833,3.396238619784166,3305.547,4.185877977731026,3.3370959869036043,0.8487819908274221,0.8957414119173572,1.8550045207910817,92.10732212762564,7.89267787237435,-0.0229216841005233,-1.2356672904898431,319,261,185,True,127.0,-0.100113905029634,-0.1296859246447222,22,1.8739718829459888,1.8936767267608487,-0.0197048438148599,-0.0061480601577901,-0.0059238858466623,0.0227360636624895,-0.0275553763531126,3.5160000000000764,0.0299719342500767,0.1484810888362382,-0.0016316586632019,0.011746077741361,-0.0119731517159255,-8.010272727272717,0.0034960356746682,-0.089486909977729,87.585014
B0018,60,24.0,1.711469957068211,3.529602596572045,2.436955746154759,4.188109147549676,0.2358748727510349,1.7511534013949173,-1.8791764961687347,-2.012334644346066,0.0029159205825874,0.4927171230526787,30.212407704391104,22.65890518865621,36.476252762052624,3.403765086443077,3289.562,4.187786648624781,3.3453964577303217,0.8423901908944598,0.86895070611575,1.8550045207910817,92.26230652733616,7.737693472663835,0.0028749676211508,0.1549843997105142,319,259,185,True,125.0,-0.100113905029634,-0.1296859246447222,23,1.8791764961687347,1.8739718829459888,0.0052046132227459,-0.0229216841005233,0.0022155382431545,0.0083004708267173,-0.0063917999329623,-15.985000000000127,-0.0267907058016072,-0.0387771478308245,-0.0016867277191422,0.0131669793150474,-0.0135058095322631,-8.492503030303027,0.0007371855358107,-0.1095288351725395,88.12396
B0018,63,24.0,1.7075021373272627,3.528970769422984,2.467136573179072,4.188302415854336,0.2340042382625828,1.7211658426752647,-1.8780560689384005,-2.0122688936966697,0.0037528750707342,0.4939304971807474,30.12501100963617,22.50816742543085,36.37720890237669,3.4207160165279014,3283.797,4.188166619589718,3.356538776251049,0.8316278433386688,0.8537436794284151,1.8550045207910817,92.04840841029782,7.951591589702176,-0.0039678197409482,-0.2138981170383402,319,256,185,True,122.0,-0.100113905029634,-0.1296859246447222,24,1.8780560689384005,1.8791764961687347,-0.0011204272303342,0.0028749676211508,-0.000631827149061,0.0111423185207271,-0.0107623475557909,-5.764999999999873,-0.0152070266873348,-0.0873966947549327,-0.0017854719031399,0.0143452483493009,-0.014852092510505,-9.16349696969696,-0.0026977477383033,-0.1496342718033844,88.04663
B0018,66,24.0,1.7492382064360228,3.5322741848919814,2.4129371999368505,4.18962510592865,0.2385847166505053,1.7766879059917997,-1.8993718818269207,-2.012513173999148,0.0019453368756264,0.4559875020816041,30.22428629982563,22.614491386507936,36.64000948247426,3.4339337984234866,3325.235,4.18962510592865,3.2912719461365696,0.8983531597920806,0.8819679811724078,1.8550045207910817,94.2983257900658,5.701674209934211,0.04173606910876,2.249917379767965,319,253,185,True,119.0,-0.100113905029634,-0.1296859246447222,25,1.8993718818269207,1.8780560689384005,0.0213158128885206,-0.0039678197409482,0.0033034154689977,-0.0652668301144792,0.0667253164534118,41.4380000000001,0.0282243017439927,0.0992752901894569,-0.0015623191309173,0.0096077278672144,-0.0098433218470607,-6.32939999999999,-0.0013527275111685,-0.1602831816746751,89.82011
B0018,68,24.0,1.7327697147429957,3.532438322521663,2.3497771039810256,4.190150750158746,0.2435419818393612,1.8403736461777205,-1.8926958551018207,-2.0129844574191207,0.0029083838216241,0.4697948293651852,30.976376254737342,23.427272668893146,37.38165499248184,3.430623572509832,3317.547,4.190150750158746,3.2997248344053327,0.8904259157534131,0.9129322792004184,1.8550045207910817,93.4105386440806,6.589461355919397,-0.0164684916930271,-0.887787145985186,319,251,185,True,117.0,-0.100113905029634,-0.1296859246447222,26,1.8926958551018207,1.8993718818269207,-0.0066760267251004,0.04173606910876,0.0001641376296817,0.0084528882687631,-0.0079272440386675,-7.688000000000102,0.0309642980280105,0.7520899549117139,-0.0012182141237292,0.0052971869048018,-0.0054057114893786,-3.8087757575757513,0.0021309506978998,-0.0809035898892699,89.58985
B0018,70,24.0,1.7222313328292376,3.5363211310943603,2.4904700018477026,4.189151018945234,0.2339338166813496,1.698681017097531,-1.8783667048362824,-2.013596799411644,0.00379619845149,0.4950470415463233,31.41570291330098,23.95851287847354,37.59824760372582,3.366151084565415,3311.766,4.188938785525361,3.343787628182352,0.8451511573430088,0.8420179007743214,1.8550045207910817,92.84243318688938,7.15756681311062,-0.0105383819137581,-0.5681054571912227,319,249,185,True,115.0,-0.100113905029634,-0.1296859246447222,27,1.8783667048362824,1.8926958551018207,-0.0143291502655382,-0.0164684916930271,0.0038828085726971,0.0440627937770194,-0.0452747584104042,-5.780999999999949,-0.070914378426097,0.4393266585636368,-0.0004559495282531,0.003575162588162,-0.0035870709300642,-2.019496969696968,0.0004599742230316,0.0326936172715869,92.39695
B0018,72,24.0,1.711846298984729,3.533535274219931,2.4650908929255406,4.189631312089484,0.2359904036028267,1.7245404191639435,-1.870834339681941,-2.0157162812456435,0.0037891536387384,0.507764643561668,31.38329984153528,23.961434154126863,37.56055515516341,3.356965113910435,3305.218,4.189390534407286,3.3582081904036225,0.8311823440036634,0.8539419549829906,1.8550045207910817,92.28259445182906,7.717405548170944,-0.0103850338445086,-0.5598387350603247,319,247,185,True,113.0,-0.100113905029634,-0.1296859246447222,28,1.870834339681941,1.8783667048362824,-0.0075323651543415,-0.0105383819137581,-0.0027858568744294,0.0144205622212703,-0.0139688133393454,-6.548000000000229,0.0119240542086692,-0.0324030717657031,0.0001324726480431,0.0045975839822261,-0.0045356366547741,-0.4756000000000064,-0.0030252959473312,0.1186753007638428,91.32958
B0018,75,24.0,1.699267835126687,3.527012841842043,2.363133281953362,4.187690359657657,0.242952334807339,1.824557077704296,-1.869656723463972,-2.0125462740568847,0.0035498928055129,0.5096182399964857,31.167937826253635,23.619671716582488,37.52114200586718,3.422259431092308,3295.453,4.187469981494586,3.355478058526174,0.8319919229684123,0.9049950630796596,1.8550045207910817,91.6045117993578,8.395488200642205,-0.0125784638580419,-0.6780826524712609,319,244,185,True,110.0,-0.100113905029634,-0.1296859246447222,29,1.869656723463972,1.870834339681941,-0.0011776162179688,-0.0103850338445086,-0.006522432377888,-0.0027301318774486,0.0008095789647488,-9.764999999999873,0.0510531080966689,-0.2153620152816415,4.364837664506918e-05,0.0047951943664977,-0.0048988601889134,0.1350181818181778,-0.0013953587369188,0.1545646487273707,88.76154
B0018,78,24.0,1.6940366439243106,3.52925730014011,2.4790616361836206,4.190215357888677,0.235625961705925,1.7111537217050563,-1.8623726014599724,-2.012800439982786,0.0016492704051233,0.5218817031204004,30.994690437264207,23.47871848419422,37.21887096740918,3.4044019218347645,3287.0,4.189526036667409,3.380671602671067,0.8088544339963426,0.849439781435671,1.8550045207910817,91.32250757005568,8.677492429944323,-0.0052311912023763,-0.2820042293021174,319,241,185,True,107.0,-0.100113905029634,-0.1296859246447222,30,1.8623726014599724,1.869656723463972,-0.0072841220039996,-0.0125784638580419,0.0022444582980671,0.0251935441448929,-0.0231374889720696,-8.452999999999975,-0.0555552816439886,-0.1732473889894272,1.6826055492886468e-05,0.004604471052465,-0.004534990364548,-0.3117454545454551,-0.000978475766948,0.151053195362155,88.50423
B0018,80,24.0,1.6819027078768087,3.527821497534469,2.491905723274248,4.189776104976122,0.2348918872075118,1.697870381701874,-1.8547843408980225,-2.0132684044986244,0.0021901473038837,0.5343935057246717,31.05531797855489,23.470322857025764,37.33441415744885,3.444324786448923,3276.922,4.189776104976122,3.395570490004556,0.7942056149715664,0.8424238643773637,1.8550045207910817,90.66838862255428,9.33161137744571,-0.0121339360475019,-0.654118947501388,319,239,185,True,105.0,-0.100113905029634,-0.1296859246447222,31,1.8547843408980225,1.8623726014599724,-0.0075882605619499,-0.0052311912023763,-0.0014358026056409,0.0148988873334889,-0.0146488190247762,-10.077999999999976,-0.0070159170583072,0.0606275412906818,-3.82232437268675e-06,0.0061379665481671,-0.0058842696279785,-1.7158242424242445,-0.0031222420567189,0.1323889614175045,88.439735
B0018,82,24.0,1.6769770618433686,3.525692957415014,2.4337177596826547,4.189846430994002,0.2396414257066782,1.7561286713113469,-1.8538766950740675,-2.013231862286827,0.0024224604448448,0.5360454651325246,31.373945543706103,23.769516048374253,37.7331798444306,3.481141363540428,3268.687,4.18957367163095,3.391299822602872,0.7982738490280785,0.871244960758644,1.8550045207910817,90.40285579078848,9.59714420921152,-0.0049256460334401,-0.2655328317658103,319,237,185,True,103.0,-0.100113905029634,-0.1296859246447222,32,1.8538766950740675,1.8547843408980225,-0.0009076458239549,-0.0121339360475019,-0.0021285401194548,-0.0042706674016836,0.0040682340565121,-8.235000000000127,0.0288210963812802,0.318627565151214,-0.0004689598685183,0.0079698836205077,-0.007853133915395,-3.0303333333333398,-0.0014128424630824,0.1294563131287398,88.302956
B0018,84,24.0,1.6655229306478936,3.524396248234728,2.4424506461535755,4.188109551881256,0.2390673075680144,1.7456589057276806,-1.845735037450336,-2.0132145295965795,0.0022152306400403,0.5481632922577944,31.56128410753226,24.00146315552124,37.84649344841882,3.4519301147829986,3260.594,4.187796162769597,3.40404682054735,0.7837493422222468,0.8661472308133095,1.8550045207910817,89.78538391580942,10.21461608419058,-0.011454131195475,-0.61747187497906,319,235,185,True,101.0,-0.100113905029634,-0.1296859246447222,33,1.845735037450336,1.8538766950740675,-0.0081416576237314,-0.0049256460334401,-0.0012967091802864,0.012746997944478,-0.0145245068058317,-8.092999999999847,-0.0050977299453345,0.187338563826156,-0.0008365898982405,0.0103934400213069,-0.0104281441235169,-5.405157575757585,-0.001470621239193,0.1205477682662053,87.65536
B0018,87,24.0,1.6571924575832084,3.520797576383474,2.4383419399858552,4.186368648390758,0.238980222406237,1.7480267084049026,-1.838253855849893,-2.014122293372892,0.0039935721600975,0.5592550058413754,31.31847472390288,23.69718990044221,37.6701649416618,3.479671046869549,3258.812,4.186323146159568,3.418829401501136,0.7674937446584322,0.8661676657218313,1.8550045207910817,89.33630290434469,10.663697095655309,-0.0083304730646851,-0.4490810114647274,319,232,185,True,98.0,-0.100113905029634,-0.1296859246447222,34,1.838253855849893,1.845735037450336,-0.0074811816004429,-0.011454131195475,-0.0035986718512539,0.0147825809537858,-0.0162555975638145,-1.7820000000001528,2.0434908521882456e-05,-0.2428093836293818,-0.0013795256772131,0.0136552267656091,-0.013896514960994,-7.910387878787892,-0.0025071056442679,0.0762186118809375,85.64565
B0018,90,24.0,1.6482241555294048,3.519457281260753,2.4157245398944123,4.1901657245031085,0.2424910982322856,1.7744411846086965,-1.8435676915974053,-2.0127023314619743,0.0030781141382558,0.5514391809129776,31.104012325043943,23.49043258255704,37.53185198546868,3.502286924662153,3243.422,4.190101801118757,3.4148501288729167,0.7752516722458407,0.8802750262220789,1.8550045207910817,88.85283766459536,11.147162335404644,-0.0089683020538036,-0.4834652397493357,319,229,185,True,95.0,-0.100113905029634,-0.1296859246447222,35,1.8435676915974053,1.838253855849893,0.0053138357475122,-0.0083304730646851,-0.0013402951227208,-0.0039792726282192,0.0077579275874084,-15.389999999999873,0.0141073605002475,-0.2144623988589344,-0.0016762717584069,0.0115938023861937,-0.0117159886673518,-8.189690909090912,-0.0010430713154075,0.0123436323067011,85.93182
B0018,92,24.0,1.6387701497987262,3.513165600287965,2.323395712524894,4.189966178473989,0.2501534875196626,1.8665704659490947,-1.83704467002657,-2.013140654116361,0.0023451184424322,0.5613521431263848,30.98973039800908,23.31675245518661,37.593333753421376,3.552531731625153,3236.515,4.189771113843428,3.4160219995907752,0.7737491142526522,0.9261144342286072,1.8550045207910817,88.34318900203323,11.656810997966772,-0.0094540057306786,-0.5096486625621282,319,227,185,True,93.0,-0.100113905029634,-0.1296859246447222,36,1.83704467002657,1.8435676915974053,-0.0065230215708353,-0.0089683020538036,-0.0062916809727879,0.0011718707178585,-0.0015025579931884,-6.907000000000153,0.0458394080065283,-0.1142819270348631,-0.0021499015218196,0.0086619067458354,-0.0086537637753554,-8.366600000000005,0.0050061015605287,-0.0182889223567566,85.486336
B0018,94,24.0,1.6276486907262062,3.517217159454334,2.4985039496028567,4.188259618341401,0.2360542563715132,1.689755668738544,-1.8211904293154169,-2.014033000339436,0.0041509497980638,0.5844065284351198,30.967851972472324,23.252438684811104,37.36141011067826,3.53816546965165,3230.734,4.188259618341401,3.455015988846071,0.7332436294953295,0.8372654378821219,1.8550045207910817,87.74365089051547,12.256349109484532,-0.0111214590725199,-0.5995381115177594,319,225,185,True,91.0,-0.100113905029634,-0.1296859246447222,37,1.8211904293154169,1.83704467002657,-0.015854240711153,-0.0094540057306786,0.0040515591663692,0.0389939892552959,-0.0405054847573227,-5.780999999999949,-0.0888489963464852,-0.0218784255367552,-0.0019100744896907,0.009384812950774,-0.0094049819277761,-8.262030303030304,0.0013215566191207,-0.0209882701849069,85.5822
B0018,96,24.0,1.62215370227252,3.5120091114107965,2.350237238739749,4.18974005757658,0.2480156417366742,1.8395028188368303,-1.8270453339799269,-2.012673084048405,0.0030923276022194,0.5765078413987346,31.285342046153826,23.493229087742925,37.89980324671546,3.613158829408131,3222.093,4.18974005757658,3.4362811914108287,0.7534588661657509,0.9125579832876188,1.8550045207910817,87.44742581978934,12.552574180210655,-0.0054949884536861,-0.2962250707261233,319,223,185,True,89.0,-0.100113905029634,-0.1296859246447222,38,1.8270453339799269,1.8211904293154169,0.0058549046645099,-0.0111214590725199,-0.0052080480435376,-0.0187347974352425,0.0202152366704213,-8.641000000000076,0.0752925454054969,0.3174900736815012,-0.0019084833044133,0.008698969375042,-0.0086283501468857,-8.083115151515164,0.0025964203487989,-0.0031016861623416,85.11795
B0018,99,24.0,1.6140066510467586,3.50911052654104,2.3337740352348813,4.1862359225351335,0.2487275525965154,1.8524618873002523,-1.819052179250902,-2.012635202899368,0.0061969698057655,0.5872722027551459,31.41096207271253,23.64731684697707,38.03149707759718,3.593965009145032,3220.344,4.185842588877271,3.4449973202642243,0.7408452686130462,0.9175908291663722,1.8550045207910817,87.00823275398015,12.991767246019847,-0.0081470512257615,-0.4391930658091922,319,220,185,True,86.0,-0.100113905029634,-0.1296859246447222,39,1.819052179250902,1.8270453339799269,-0.0079931547290248,-0.0054949884536861,-0.0028985848697566,0.0087161288533956,-0.0126135975527046,-1.7489999999997965,0.0050328458787534,0.1256200265587033,-0.0022389023880227,0.0073602028115174,-0.007543658085306,-7.643024242424249,0.0068388461715856,0.0084667988401823,83.509
B0018,102,24.0,1.6760516154424625,3.516106699716392,2.317647291087635,4.189625262426538,0.2523387804840423,1.8719779713389029,-1.869374596949812,-2.01318368468478,0.002701103444968,0.51064241745496,30.755137125871208,23.01653902765608,37.42220155418978,3.585252505516807,3250.75,4.188990469498749,3.336282449478892,0.8527080200198571,0.9286135707565132,1.8550045207910817,90.3529666185232,9.647033381476788,0.0620449643957039,3.344733864543059,319,217,185,True,83.0,-0.100113905029634,-0.1296859246447222,40,1.869374596949812,1.819052179250902,0.0503224176989098,-0.0081470512257615,0.0069961731753522,-0.1087148707853322,0.1118627514068109,30.40599999999995,0.0110227415901409,-0.6558249468413209,-0.001821083711275,0.0006860218543548,-0.0007950527347611,-5.197545454545456,0.0078261510492447,-0.0302325603595566,86.5752
B0018,104,24.0,1.649300642552199,3.519010068254593,2.492394514304757,4.186586244011676,0.2380195060159728,1.694191729706919,-1.839770443871628,-2.012193154001789,0.0036285932240811,0.5568545144084124,30.977446633931525,23.38270318088717,37.32511174435206,3.483997639834989,3239.344,4.186586244011676,3.4069101290337938,0.7796761149778821,0.8404471933286902,1.8550045207910817,88.91086916860135,11.089130831398649,-0.0267509728902635,-1.4420974499218602,319,215,185,True,81.0,-0.100113905029634,-0.1296859246447222,41,1.839770443871628,1.869374596949812,-0.0296041530781838,0.0620449643957039,0.0029033685382007,0.0706276795549016,-0.0730319050419749,-11.405999999999947,-0.0881663774278229,0.2223095080603165,-0.0011812184343503,-0.0006044307207056,0.0004618476054968,-3.6066848484848406,0.002576970695792,-0.0498604338045903,85.44038
B0018,106,24.0,1.63238299185809,3.512421274222929,2.372828310153791,4.189366482043888,0.2476402791147724,1.8165381718900973,-1.837963396328485,-2.012774153678253,0.0076414091098653,0.5595593689454879,30.800512192698992,23.141477779700992,37.31088262198154,3.5387349615325,3222.25,4.18930134713925,3.4085356287490414,0.7807657183902088,0.8990913579102132,1.8550045207910817,87.99886865838727,12.001131341612734,-0.0169176506941088,-0.9120005102140852,319,213,185,True,79.0,-0.100113905029634,-0.1296859246447222,42,1.837963396328485,1.839770443871628,-0.001807047543143,-0.0267509728902635,-0.0065887940316637,0.0016254997152476,0.0010896034123266,-17.09400000000005,0.0586441645815229,-0.1769344412325324,-0.0009358393940271,-0.0022283810050981,0.0022255116143605,-3.0417333333333274,0.0024719290303703,-0.0569535440083072,85.945854
B0018,108,24.0,1.6164159719025777,3.50815215295169,2.3560703177076867,4.188553804618968,0.2486881467043359,1.832483486911281,-1.8296109578903783,-2.012946778665685,0.0076760090804765,0.5718849545545559,30.61619279567613,22.876954081867613,37.23234655688736,3.5940179207817446,3206.157,4.188312148100683,3.424618629451753,0.7636935186489291,0.906890438939999,1.8550045207910817,87.13811496336645,12.861885036633552,-0.0159670199555124,-0.8607536950208186,319,211,185,True,77.0,-0.100113905029634,-0.1296859246447222,43,1.8296109578903783,1.837963396328485,-0.0083524384381066,-0.0169176506941088,-0.0042691212712391,0.0160830007027117,-0.0170721997412797,-16.092999999999847,0.0077990810297857,-0.1843193970228576,-0.0008488999054622,-0.0023341957051189,0.0023018840398307,-3.3312424242424035,0.0021149110350472,-0.0546604946308349,85.191315
B0018,111,24.0,1.6109028378249377,3.508648568515266,2.4644431530094417,4.188764708195774,0.241247488922931,1.7243215551863322,-1.8210831511954937,-2.0135827897679706,0.0028721856858407,0.5838696197039824,30.399839302766903,22.56634750757244,36.94850857727268,3.612833606445908,3197.969,4.188643751129736,3.4510403338526534,0.7376034172770827,0.85512524513386,1.8550045207910817,86.84091169427205,13.159088305727948,-0.0055131340776399,-0.2972032690943962,319,208,185,True,74.0,-0.100113905029634,-0.1296859246447222,44,1.8210831511954937,1.8296109578903783,-0.0085278066948846,-0.0159670199555124,0.000496415563576,0.0264217044009003,-0.0260901013718464,-8.188000000000102,-0.0517651938061389,-0.2163534929092314,-0.000777896536446,-0.0002626763912552,0.0001145544143801,-3.526327272727254,-0.0015581577270328,-0.0689001848436294,85.24064
B0018,114,24.0,1.5954638693695655,3.505199343959548,2.4195167274486726,4.188636968174337,0.2454833870794045,1.7691202407256643,-1.8199201144788144,-2.013020303951627,0.002949186928343,0.585778278664795,30.38386825126278,22.54982312188728,37.002663545357386,3.638873017099413,3181.625,4.188511398241968,3.4471277889322587,0.7413836093097097,0.8775530823898747,1.8550045207910817,86.00862431802415,13.991375681975851,-0.0154389684553721,-0.8322873762479048,319,205,185,True,71.0,-0.100113905029634,-0.1296859246447222,45,1.8199201144788144,1.8210831511954937,-0.0011630367166792,-0.0055131340776399,-0.0034492245557178,-0.0039125449203947,0.003780192032627,-16.34400000000005,0.0224278372560147,-0.015971051504124,-0.0008371249953993,0.00093971099596,-0.0009870807473261,-4.9014121212121005,-0.0029335516892171,-0.0871735417758994,84.02551
B0018,117,24.0,1.726707440085764,3.523165280193865,2.3422406504312434,4.188466199744378,0.2527663680637224,1.846225549313135,-1.8951156248467715,-2.023314533825632,0.0073633480208382,0.4638446938022648,30.576239500422748,23.125008977470344,36.71025442949399,3.311198636334725,3302.36,4.18838458205872,3.153251691766954,1.0351328902917665,0.9091671140054892,1.8550045207910817,93.0837321813855,6.9162678186145,0.1312435707161985,7.075107863361353,319,202,185,True,68.0,-0.100113905029634,-0.1296859246447222,46,1.8951156248467715,1.8199201144788144,0.0751955103679571,-0.0154389684553721,0.0179659362343169,-0.2938760971653047,0.2937492809820567,120.73500000000011,0.0316140316156144,0.1923712491599687,-0.0001630152118642,-0.0142006265665822,0.0142443235866386,0.5976363636363837,0.0005044098654273,-0.0938436975407842,89.44126
B0018,119,24.0,1.7165673917429751,3.527269876472835,2.3755467142668496,4.189570916346704,0.246917614915635,1.8140242020798545,-1.8867694858233448,-2.012680983917414,0.0032934948283157,0.4783212150453822,30.705906284556665,23.408964388688208,36.72807623650589,3.264985072884921,3285.812,4.189410028494153,3.22099960221937,0.9684104262747836,0.8998249835030045,1.8550045207910817,92.5371001797306,7.462899820269385,-0.0101400483427889,-0.5466320016548849,319,200,185,True,66.0,-0.100113905029634,-0.1296859246447222,47,1.8867694858233448,1.8951156248467715,-0.0083461390234267,0.1312435707161985,0.00410459627897,0.0677479104524159,-0.0667224640169829,-16.54800000000023,-0.0093421305024846,0.1296667841339172,0.0008838773445738,-0.0198609296350175,0.0199676669475025,4.010545454545461,-0.0022850436943976,-0.0898876704482532,89.12707
B0018,121,24.0,1.6958235570934848,3.526762654741574,2.414629137532592,4.189584987657955,0.2419722888164383,1.7749558501253635,-1.8786631828974327,-2.0115911942512583,0.0042866807827426,0.4932403281405002,30.62583594950684,23.27092942648984,36.72959308355185,3.305411848589637,3260.016,4.189584987657955,3.279534309512825,0.91005067814513,0.8804877875329756,1.8550045207910817,91.4188368861919,8.581163113808103,-0.0207438346494903,-1.1182632935387176,319,198,185,True,64.0,-0.100113905029634,-0.1296859246447222,48,1.8786631828974327,1.8867694858233448,-0.0081063029259116,-0.0101400483427889,-0.0005072217312611,0.0585347072934552,-0.0583597481296536,-25.79599999999982,-0.0193371959700289,-0.0800703350498253,0.0014340489428466,-0.0207408547209872,0.0210049271365413,4.772721212121211,-0.0018680478936866,-0.0659580120170591,89.17646
B0018,123,24.0,1.6777783190792557,3.523020179476104,2.3844645496129964,4.189371286385834,0.2432804093836515,1.8049067367728373,-1.8704748023295987,-2.01260531537844,0.0041838989344953,0.5073349121605789,30.59735706865797,23.203934391629986,36.787462351640364,3.350287383237389,3240.031,4.189231124368519,3.312914061922747,0.8763170624457723,0.8949406928416757,1.8550045207910817,90.44605014567584,9.553949854324143,-0.018045238014229,-0.9727867405160424,319,196,185,True,62.0,-0.100113905029634,-0.1296859246447222,49,1.8704748023295987,1.8786631828974327,-0.0081883805678344,-0.0207438346494903,-0.00374247526547,0.0333797524099219,-0.0337336156993576,-19.985000000000127,0.0144529053087,-0.0284788808488691,0.0014080157070703,-0.0173190285774256,0.0174631828508362,3.868533333333328,6.154090068425546e-05,-0.0272130653567748,88.89021
B0018,125,24.0,1.6606586897774192,3.519792345798265,2.398646371281655,4.187606340824144,0.2418489989676324,1.7889599695424887,-1.856283397120224,-2.0134407767806635,0.0023580257907636,0.5317240593773815,30.528493896066266,23.12071549691479,36.75689163314213,3.3691133878538584,3232.265,4.187220872463777,3.3472010348392622,0.8400198376245145,0.887469507006565,1.8550045207910817,89.5231613273491,10.4768386726509,-0.0171196293018365,-0.9228888183267544,319,194,185,True,60.0,-0.100113905029634,-0.1296859246447222,50,1.856283397120224,1.8704748023295987,-0.0141914052093747,-0.018045238014229,-0.003227833677839,0.0342869729165151,-0.0362972248212578,-7.766000000000076,-0.0074711858351106,-0.0688631725917048,0.0015037285074043,-0.0176736527714826,0.0177570243494836,4.329181818181802,0.0025930070139941,-0.0260840760326769,87.83032
B0018,128,24.0,1.6664109274827466,3.5251014582287223,2.4557130111721626,4.188829347125095,0.2393983363584046,1.7331163359529325,-1.862535475437064,-2.0130995106645164,0.00267333792564,0.5212662196305107,31.20375424610397,23.77348158787625,37.35015763097096,3.376149910404705,3232.031,4.188749835624864,3.341784146218493,0.8469656894063711,0.8597775970467527,1.8550045207910817,89.83325424846362,10.166745751536382,0.0057522377053274,0.3100929211145171,319,191,185,True,57.0,-0.100113905029634,-0.1296859246447222,51,1.862535475437064,1.856283397120224,0.00625207831684,-0.0171196293018365,0.0053091124304573,-0.0054168886207692,0.0069458517818565,-0.2339999999999236,-0.0276919099598123,0.6752603500377035,0.0020379126630751,-0.0137475781364714,0.0137147329715592,4.240727272727255,-0.001765037259632,0.0294451205557402,88.63281
B0018,130,24.0,1.6468336174407805,3.518519199837846,2.323665882820083,4.189202115880737,0.2489550299081238,1.865536233060654,-1.8606833274060013,-2.0125662318740924,0.0039143523414103,0.52395009380152,31.17263944933504,23.734039908264887,37.48126030855565,3.3931075584998456,3209.5149999999994,4.1885837620106905,3.3409538026606818,0.8476299593500087,0.925144654336668,1.8550045207910817,88.77787622525443,11.222123774745569,-0.019577310041966,-1.0553780232091867,319,189,185,True,55.0,-0.100113905029634,-0.1296859246447222,52,1.8606833274060013,1.862535475437064,-0.0018521480310627,0.0057522377053274,-0.0065822583908765,-0.0008303435578111,0.0006642699436376,-22.51600000000053,0.0653670572899153,-0.0311147967689287,0.0016999765774462,-0.00896902246826,0.0089656835219462,1.8731696969696463,0.0011176973671651,0.0687383944240175,87.73769
B0018,132,24.0,1.6257639928779952,3.5190801794284594,2.488054079510012,4.186778882107656,0.2364897838479307,1.6987248025976438,-1.8383636766891704,-2.026718552407948,0.0109793009845511,0.5585249663671572,30.96825922704022,23.549534792728995,37.12544389762631,3.372510067494465,3196.125,4.185795508701974,3.39385721106257,0.7919382976394034,0.8336490121778802,1.8550045207910817,87.64205017595725,12.357949824042748,-0.0210696245627852,-1.1358260492971797,319,187,185,True,53.0,-0.100113905029634,-0.1296859246447222,53,1.8383636766891704,1.8606833274060013,-0.0223196507168308,-0.019577310041966,0.0005609795906136,0.0529034084018884,-0.0556916617106053,-13.389999999999418,-0.0914956421587878,-0.2043802222948194,0.001034117043951,0.0005865473546394,-0.0007697152274797,-2.1432545454545795,-0.0007860981936397,0.0800850629518286,85.62198
B0018,134,24.0,1.6121577411874597,3.511416727290241,2.3306937114568003,4.187888599491238,0.248742640175246,1.8571948880344376,-1.84369585881154,-2.013261835361458,0.0143059566058354,0.5507329669971996,30.821704306343133,23.30725669183149,37.19112571388883,3.461125225709339,3172.562,4.186349697160328,3.379431086342454,0.8069186108178736,0.9159717842195808,1.8550045207910817,86.90856130635962,13.091438693640384,-0.0136062516905355,-0.733488869597636,319,185,185,True,51.0,-0.100113905029634,-0.1296859246447222,54,1.84369585881154,1.8383636766891704,0.0053321821223695,-0.0210696245627852,-0.0076634521382183,-0.0144261247201162,0.0149803131784702,-23.563000000000105,0.0823227720417005,-0.1465549206970884,-0.0001491155258966,0.0114895502848554,-0.0117697070342695,-7.869200000000029,-0.0007627987845537,0.064746788625073,86.90888
B0018,136,24.0,1.6057366823755344,3.5108038681605738,2.389399831578687,4.18915752014188,0.2451594140795012,1.7997576885631927,-1.8362729789790888,-2.0186878439171223,0.0025621455991493,0.5621879622030944,30.7652197216374,23.14397688753905,37.17642722353301,3.5039644474399885,3172.735,4.188974252739847,3.4005755999684046,0.7883986527714422,0.8904181560411106,1.8550045207910817,86.56241342693627,13.437586573063726,-0.0064210588119253,-0.3461478794233414,319,183,185,True,49.0,-0.100113905029634,-0.1296859246447222,55,1.8362729789790888,1.84369585881154,-0.0074228798324511,-0.0136062516905355,-0.0006128591296672,0.0211445136259507,-0.0185199580464314,0.1730000000002292,-0.0255536281784701,-0.0564845847057355,-0.0016292785189555,0.0241530448728266,-0.0243680497328203,-14.367345454545466,-0.0013756782964465,0.0401492849889268,84.52463
B0018,141,24.0,1.673645314879889,3.51432611790755,2.4864200723178747,4.191289655270872,0.2423708210517989,1.704869582952997,-1.864690278795044,-2.012371641203182,0.0041319662841082,0.5180525818431642,30.809988428281613,23.07707229087829,37.11936678632194,3.5173638369613456,3238.109,4.191009849984344,3.31386363218204,0.877146217802304,0.8454582360392541,1.8550045207910817,90.223247227783,9.776752772216994,0.0679086325043547,3.6608338008467314,319,178,185,True,44.0,-0.100113905029634,-0.1296859246447222,56,1.864690278795044,1.8362729789790888,0.028417299815955,-0.0064210588119253,0.0035222497469762,-0.0867119677863645,0.0887475650308617,65.3739999999998,-0.0449599200018565,0.0447687066442163,-0.0017875233429344,0.0130593249094771,-0.0131122100728443,-9.142878787878788,-0.0024892552601419,0.0261960186849526,86.010025
B0018,143,24.0,1.6404348572349936,3.5196664048265607,2.4673631110639858,4.190628233635541,0.2418347331031089,1.7232651225715556,-1.8572649157581864,-2.013097827670719,0.0029691316095712,0.5299496773990815,31.03903359070028,23.56722203053731,37.2702464066457,3.4166236340276392,3191.063,4.190360332340617,3.3517763797483044,0.8385839525923129,0.8547658174938488,1.8550045207910817,88.43293042409496,11.567069575905036,-0.0332104576448955,-1.790316803688043,319,176,185,True,42.0,-0.100113905029634,-0.1296859246447222,57,1.8572649157581864,1.864690278795044,-0.0074253630368574,0.0679086325043547,0.0053402869190106,0.0379127475662643,-0.038562265209991,-47.04599999999982,0.0093075814545947,0.229045162418668,-0.001273698676535,0.0066032889597202,-0.0064929409952793,-6.8089575757575656,-0.0029457258390101,0.0305472568144533,86.12611
B0018,145,24.0,1.6132653317422077,3.512403849382274,2.375173080957567,4.189158279329032,0.2483104432772974,1.8139851983714648,-1.8483454421357688,-2.0125787987088013,0.003942489066878,0.5439678410748331,31.04176453157222,23.53336339767724,37.39550861947664,3.4608039477331194,3165.828,4.188957308830069,3.3676008246193447,0.8213564842107246,0.8995616408157924,1.8550045207910817,86.96826954654632,13.031730453453676,-0.0271695254927859,-1.4646608775486385,319,174,185,True,40.0,-0.100113905029634,-0.1296859246447222,58,1.8483454421357688,1.8572649157581864,-0.0089194736224171,-0.0332104576448955,-0.0072625554442868,0.0158244448710402,-0.0172274683815882,-25.235000000000127,0.0447958233219435,0.0027309408719382,-0.0010976648874078,0.0033275453069906,-0.0031303476601115,-6.422751515151493,-0.001701762561845,0.0256715262773609,85.45782
B0018,147,24.0,1.5920964324686278,3.5077862234460104,2.371626022111289,4.185868202467219,0.2479851087280629,1.8142421803559303,-1.839168422289249,-2.015019692764474,0.0034682912763662,0.5579580602841322,30.95978419551177,23.381334724831305,37.378956702246384,3.5047181709346,3140.407,4.185868202467219,3.3877431597098138,0.7981250427574054,0.8988124748327571,1.8550045207910817,85.82709177386076,14.172908226139242,-0.0211688992735799,-1.141177772685566,319,172,185,True,38.0,-0.100113905029634,-0.1296859246447222,59,1.839168422289249,1.8483454421357688,-0.0091770198465201,-0.0271695254927859,-0.0046176259362633,0.020142335090469,-0.0232314414533192,-25.42099999999982,-0.0007491659830353,-0.0819803360604503,-0.001248953829359,0.0023083183943236,-0.0022087504334528,-7.613806060606024,0.0002336659152155,0.0093839904189814,83.779465
B0018,150,24.0,1.5866011820698824,3.5076596102713244,2.463955873060647,4.186906972044146,0.2417651320055897,1.7229510989834993,-1.8303326102702333,-2.020734675534358,0.0048036839728926,0.5706945055301016,30.843513277103145,23.16774870033671,37.245718322158105,3.536345990527338,3131.922,4.186767544001663,3.4160493489165225,0.7707181950851405,0.8506139076046126,1.8550045207910817,85.5308525821416,14.469147417858396,-0.0054952503987453,-0.2962391917191525,319,169,185,True,35.0,-0.100113905029634,-0.1296859246447222,60,1.8303326102702333,1.839168422289249,-0.0088358120190155,-0.0211688992735799,-0.0001266131746859,0.0283061892067086,-0.0274068476722648,-8.485000000000127,-0.0481985672281444,-0.1162709184086239,-0.0014376838438449,0.0042118442657045,-0.0042541051019909,-8.577848484848447,-0.0010049281120977,-0.0222295297902706,83.39484
B0018,153,24.0,1.580076649033625,3.507483356587461,2.475545296633258,4.189576283423886,0.2423794197950216,1.714030986790628,-1.829290599843924,-2.012930230685489,0.0015615748555885,0.5724466902011421,30.797157400797865,23.12031050968657,37.21755583353321,3.5441345376258013,3121.109,4.189516120969907,3.42147245050033,0.7680436704695772,0.8508503147424082,1.8550045207910817,85.17912659101168,14.82087340898832,-0.0065245330362573,-0.3517259911299248,319,166,185,True,32.0,-0.100113905029634,-0.1296859246447222,61,1.829290599843924,1.8303326102702333,-0.0010420104263095,-0.0054952503987453,-0.0001762536838634,0.0054231015838075,-0.0026745246155632,-10.813000000000102,0.0002364071377956,-0.0463558763052809,-0.0011350234060027,0.0052155247508508,-0.0051422662363527,-8.931012121212087,-0.0036300199970708,-0.0151726124141078,83.1337
B0018,155,24.0,1.5641732953289167,3.502386593344072,2.3791563087604626,4.189808713646982,0.2500612682534017,1.8106524048865191,-1.8278449003095163,-2.0135210876274656,0.0030432402930327,0.5742593028566971,30.98443458075409,23.27342231930282,37.56150979821064,3.597021783529328,3105.265,4.189677075178088,3.4158832488116646,0.7737938263664237,0.8978897324607951,1.8550045207910817,84.32180503052695,15.678194969473054,-0.0159033537047084,-0.8573215604847348,319,164,185,True,30.0,-0.100113905029634,-0.1296859246447222,62,1.8278449003095163,1.829290599843924,-0.0014456995344076,-0.0065245330362573,-0.0050967632433889,-0.0055892016886653,0.0057501558968464,-15.844000000000053,0.0470394177183868,0.1872771799562258,-0.0013356327148733,0.0048930646123753,-0.0047158673081374,-10.30495151515152,0.0007766878407635,0.0049535506939339,81.049835
B0018,157,24.0,1.555618272193922,3.503693493885047,2.4776158338943337,4.188889298039903,0.2429305187393591,1.711273464145569,-1.8188198987741453,-2.013049747683001,0.0038725843255058,0.586841984204412,30.967899275139946,23.278670276560845,37.4174791317661,3.567101754621834,3091.25,4.188889298039903,3.4412663031911563,0.7476229948487463,0.8484577898651335,1.8550045207910817,83.86061892347928,16.13938107652072,-0.0085550231349946,-0.4611861070476664,319,162,185,True,28.0,-0.100113905029634,-0.1296859246447222,63,1.8188198987741453,1.8278449003095163,-0.009025001535371,-0.0159033537047084,0.0013069005409747,0.0253830543794917,-0.0261708315176774,-14.014999999999873,-0.0494319425956615,-0.0165353056141448,-0.0012320111549374,0.0085737928953194,-0.008534762298156,-12.072375757575765,-0.0032822388871951,0.0128337110225307,80.802505
B0018,159,24.0,1.5402045278637395,3.498994846204812,2.4205549690097223,4.188220838257245,0.2475754252809492,1.767665869247523,-1.817194042260449,-2.01215000710487,0.0037249670985359,0.5888596862938004,30.976616345195183,23.22385871065304,37.55101533655474,3.612043072703485,3076.703,4.187751736524715,3.440421318342616,0.7473304181820994,0.8768727683352656,1.8550045207910817,83.02969133503281,16.97030866496719,-0.0154137443301825,-0.8309275884464711,319,160,185,True,26.0,-0.100113905029634,-0.1296859246447222,64,1.817194042260449,1.8188198987741453,-0.0016258565136963,-0.0085550231349946,-0.004698647680235,-0.0008449848485403,-0.0002925766666468,-14.547000000000024,0.028414978470132,0.008717070055237,-0.0017090709983693,0.0106720337854435,-0.0108337732848735,-14.932927272727287,-0.0004825732314243,0.011423382906459,80.52188
B0018,162,24.0,1.5321613015959863,3.495405576723954,2.415388497112405,4.186454063976498,0.2480665636873381,1.771065566864093,-1.8157980815469448,-2.0124985987201267,0.0037645779343444,0.5908996546649903,30.89768961926806,23.02720747705709,37.59895044072871,3.6899668834506327,3062.328,4.186225024003278,3.445662321409105,0.7405627025941728,0.8783900769356769,1.8550045207910817,82.59609528835993,17.403904711640067,-0.0080432262677532,-0.433596046672875,319,157,185,True,23.0,-0.100113905029634,-0.1296859246447222,65,1.8157980815469448,1.817194042260449,-0.0013959607135036,-0.0154137443301825,-0.0035892694808579,0.0052410030664891,-0.0067677155879266,-14.375,0.0015173086004113,-0.078926725927122,-0.002272198196851,0.0137265062724374,-0.0140143151414731,-17.4041090909091,0.0011702069650081,6.45999854705663e-05,79.45839
B0018,165,24.0,1.5316232403693415,3.494528300232307,2.3974205597873093,4.1895672733133145,0.2513160708577573,1.7921467135260052,-1.822108117298183,-2.013303363874512,0.0032327560058023,0.5821582195156936,30.81568822237933,23.026059458250696,37.48923978216981,3.6600445083242974,3050.563,4.189453014691957,3.4388742210783456,0.7505787936136117,0.8887253225260219,1.8550045207910817,82.56708936300427,17.43291063699573,-0.0005380612266447,-0.029005925355662,319,154,185,True,20.0,-0.100113905029634,-0.1296859246447222,66,1.822108117298183,1.8157980815469448,0.0063100357512377,-0.0080432262677532,-0.0008772764916469,-0.0067881003307594,0.0100160910194389,-11.764999999999873,0.0103352455903449,-0.0820013968887316,-0.0024617142337256,0.0100834151745329,-0.0101521907261396,-14.820484848484854,0.0005351947281287,-0.0143881016880848,79.47174
B0018,167,24.0,1.5222595950771978,3.496255482779393,2.497752653580319,4.189297764105604,0.2440399550144117,1.6915451105252846,-1.8129628028687808,-2.0127782408337165,0.0041669753720565,0.5952783563830066,30.72618807915112,22.90302104444828,37.37911114363861,3.668157715935053,3034.672,4.189297764105604,3.4638457585402174,0.7254520055653861,0.838666859632101,1.8550045207910817,82.06231187124104,17.937688128758964,-0.0093636452921437,-0.5047774917632353,319,152,185,True,18.0,-0.100113905029634,-0.1296859246447222,67,1.8129628028687808,1.822108117298183,-0.0091453144294018,-0.0005380612266447,0.0017271825470861,0.0249715374618717,-0.0251267880482255,-15.891000000000076,-0.0500584628939209,-0.0895001432282072,-0.0019610276379738,0.0088146445771929,-0.0086972854706033,-13.966757575757574,-0.0027342232240129,-0.0185220402746338,80.563446
B0018,169,24.0,1.5065267126851285,3.48769646191346,2.3726090777895896,4.186793087812023,0.2526108335689955,1.8141840100224336,-1.8044876731207795,-2.011894643612056,0.0040697572728226,0.6065337513252166,30.76818712651005,22.833484092130533,37.559604168615785,3.735877303040332,3031.25,4.186554797123547,3.4607953148814765,0.7257594822420703,0.8999087529651435,1.8550045207910817,81.21418011653459,18.785819883465408,-0.0157328823920692,-0.8481317547064435,319,150,185,True,16.0,-0.100113905029634,-0.1296859246447222,68,1.8044876731207795,1.8129628028687808,-0.0084751297480016,-0.0093636452921437,-0.0085590208659329,-0.0030504436587408,0.0003074766766841,-3.422000000000025,0.0612418933330425,0.041999047358928,-0.0021275983366838,0.007076032422695,-0.0070028103244819,-13.086369696969696,0.000518352837556,-0.0163909922010616,78.759895
B0018,171,24.0,1.5014219556532926,3.486547580844067,2.36844257542991,4.188594535127793,0.2542197456881671,1.820151959697883,-1.809986175960184,-2.0125266173463885,0.0038292070941918,0.5993292137989468,30.775415173787835,22.85810521586403,37.61805450748922,3.740419157450185,3011.343,4.188205300947291,3.4579399600497065,0.7302653408975845,0.9026938289539584,1.8550045207910817,80.93899172887186,19.061008271128145,-0.0051047570318358,-0.2751883876627374,319,148,185,True,14.0,-0.100113905029634,-0.1296859246447222,69,1.809986175960184,1.8044876731207795,0.0054985028394045,-0.0157328823920692,-0.0011488810693931,-0.00285535483177,0.0045058586555142,-19.907000000000156,0.0027850759888149,0.0072280472777848,-0.0023651935201563,0.0053948657953788,-0.0054525722944186,-13.35530303030303,0.0038686903160173,-0.0160149529822807,78.56724
B0018,174,24.0,1.4963534117486457,3.482298183882304,2.331968556073514,4.186295492358637,0.2567453685120387,1.854326936285123,-1.8090400456598723,-2.0121939690963395,0.0033564516364867,0.6003399044077647,30.761821976538275,22.7394182895468,37.71101994346608,3.807327476212808,3003.0,4.186295492358637,3.458624303365877,0.7276711889927601,0.9200101953345902,1.8550045207910817,80.66575552659644,19.33424447340356,-0.0050685439046469,-0.2732362022754131,319,145,185,True,11.0,-0.100113905029634,-0.1296859246447222,70,1.8090400456598723,1.809986175960184,-0.0009461303003117,-0.0051047570318358,-0.0042493969617627,0.0006843433161702,-0.0025941519048244,-8.342999999999847,0.0173163663806317,-0.013593197249559,-0.0025855767786199,0.0047872359586052,-0.0050484147965897,-13.080563636363632,0.0049032723379556,-0.0218969794258817,78.204636
B0018,177,24.0,1.5334262000312422,3.491819481711868,2.4057755306304176,4.187384370589753,0.2523757254841878,1.7816088399593355,-1.827369123350144,-2.0205100517708847,0.0109524865829472,0.5753946456070788,30.913721930762733,23.009880638439665,37.767989299214086,3.758678682195149,3045.187,4.187384370589753,3.414320676735576,0.7730636938541777,0.87700797150955,1.8550045207910817,82.6642837170715,17.3357162829285,0.0370727882825965,1.9985281904750565,319,142,185,True,8.0,-0.100113905029634,-0.1296859246447222,71,1.827369123350144,1.8090400456598723,0.0183290776902715,-0.0050685439046469,0.009521297829564,-0.0443036266303007,0.0453925048614176,42.1869999999999,-0.0430022238250401,0.1518999542244579,-0.0019909555357403,0.0016085247209253,-0.0018248222371468,-9.662890909090912,0.002766871866745,-0.0215937479919568,79.606285
B0018,179,24.0,1.523845267514426,3.493995853241935,2.4720838848798987,4.188929264481706,0.2478766162586878,1.716845379601807,-1.8180385592622927,-2.0131819742858483,0.0022373072205481,0.5884044857138683,31.22821565316561,23.372100245576046,37.91919394450186,3.715344293729912,3028.469,4.188734692927025,3.441289287985009,0.7474454049420158,0.8518551922945659,1.8550045207910817,82.14779265683784,17.852207343162164,-0.0095809325168161,-0.5164910602336619,319,140,185,True,6.0,-0.100113905029634,-0.1296859246447222,72,1.8180385592622927,1.827369123350144,-0.0093305640878511,0.0370727882825965,0.0021763715300666,0.0269686112494329,-0.0256182889121618,-16.717999999999847,-0.0251527792149841,0.3144937224028759,-0.0014275421847122,-0.00038509663676,0.0003239040670637,-7.293109090909096,0.002077400295129,0.0069359284190263,79.360954
B0018,181,24.0,1.501192099426124,3.484377015629623,2.342731326096539,4.185269759332432,0.2563184923366143,1.8425384332358927,-1.8085351614741645,-2.013496073486494,0.004404973809935,0.6017111392190142,31.261679783387308,23.43219431814089,37.99328509003338,3.678694084547476,3012.937,4.185052457107169,3.4434979435076563,0.7415545135995125,0.9130965245815764,1.8550045207910817,80.92660058779417,19.07339941220583,-0.0226531680883019,-1.221192069043667,319,138,185,True,4.0,-0.100113905029634,-0.1296859246447222,73,1.8085351614741645,1.8180385592622927,-0.0095033977881282,-0.0095809325168161,-0.0096188376123116,0.0022086555226472,-0.0058908913425033,-15.532000000000153,0.0612413322870105,0.0334641302216986,-0.0011999600600829,-0.0008739942397087,0.0007259617292853,-5.774000000000009,0.0019908966166238,0.0332336452264741,78.2795
B0018,183,24.0,1.492417671450291,3.4859116793558376,2.4198650452188226,4.18799771486628,0.251780469218776,1.7681326696474575,-1.806804118492653,-2.0122733205325782,0.0017801770008862,0.6035048613646924,31.18408593575448,23.29259934340576,37.984838024989045,3.7439712156426856,2998.875,4.187641016952416,3.4599209387521817,0.727720078200234,0.8778975691623004,1.8550045207910817,80.45358675534857,19.546413244651436,-0.008774427975833,-0.4730138324456021,319,136,185,True,2.0,-0.100113905029634,-0.1296859246447222,74,1.806804118492653,1.8085351614741645,-0.0017310429815113,-0.0226531680883019,0.0015346637262143,0.0164229952445253,-0.0138344353992785,-14.061999999999898,-0.0351989554192759,-0.0775938476328264,-0.0009677730532464,-0.0005504746109376,0.0004274660616394,-5.042460606060613,0.0010952819985131,0.0523191324909974,78.8035
B0018,185,24.0,1.483323851940123,3.484278753976678,2.438879997223475,4.187899339921793,0.2508652563260822,1.7490193426983178,-1.8050190987020625,-2.013027320256293,0.0031984883317318,0.6056880584788689,31.001432353085377,23.09939775777157,37.8288851383529,3.772248758982031,2983.547,4.187899339921793,3.468314102545152,0.7195852373766409,0.8674719544053285,1.8550045207910817,79.9633550923934,20.0366449076066,-0.0090938195101679,-0.4902316629551677,319,134,185,True,0.0,-0.100113905029634,-0.1296859246447222,75,1.8050190987020625,1.806804118492653,-0.0017850197905906,-0.008774427975833,-0.0016329253791593,0.0083931637929701,-0.008134840823593,-15.327999999999976,-0.0104256147569719,-0.1826535826691042,-0.0009053554949185,0.0003438951211606,-0.0005282281448901,-5.161957575757581,-0.0002802704369448,0.0536651324201334,79.33837
B0018,188,24.0,1.4807376792294196,3.482988652120672,2.430465824271706,4.1882916128809375,0.2527666120037829,1.7578257886092317,-1.8118563821702207,-2.012954260463709,0.0033492168235809,0.5969033315535529,30.981374033120872,23.03846743756316,37.844837975501,3.7894093030372655,2966.86,4.187928324239254,3.461167189335011,0.7267611349042435,0.8718061583537956,1.8550045207910817,79.82393911352555,20.17606088647445,-0.0025861727107034,-0.139415978867845,319,131,185,False,,-0.100113905029634,-0.1296859246447222,76,1.8118563821702207,1.8050190987020625,0.0068372834681582,-0.0090938195101679,-0.0012901018560063,-0.0071469132101409,0.0071758975276026,-16.686999999999898,0.004334203948467,-0.0200583199645052,-0.0008369216494247,0.000121326157491,-0.000170498052042,-6.021066666666656,-0.0005980544960955,0.0471927946941712,79.24026
B0018,190,24.0,1.4735077809902477,3.483799876979844,2.4907267597860656,4.187409532380725,0.2480283271358148,1.6966827725946594,-1.8021525551783737,-2.012741175686338,0.003924536033092,0.6102519084386244,31.088687926688607,23.11094770365509,37.8984610468502,3.79296427160096,2954.797,4.18724908182,3.478026972161799,0.7092221096582012,0.8413306988534307,1.8550045207910817,79.4341881367415,20.565811863258503,-0.0072298982391718,-0.3897509767840574,319,129,185,False,,-0.100113905029634,-0.1296859246447222,77,1.8021525551783737,1.8118563821702207,-0.009703826991847,-0.0025861727107034,0.0008112248591722,0.016859782826788,-0.0175390252460423,-12.063000000000102,-0.0304754595003649,0.1073138935677349,-0.0004692191495444,0.0022129330787204,-0.0021558623732917,-7.582975757575743,-0.0057102864279248,0.0385989529992165,79.765976
B0018,192,24.0,1.46801928526661,3.4787540756450497,2.367832802864477,4.188656943531829,0.2581475506572683,1.820824140667351,-1.8092953592546848,-2.013377348559974,0.0023277056862263,0.6003267799218304,31.336420133762665,23.4240998983518,38.27784043980244,3.803271010666152,2945.735,4.188269941964259,3.460131373135017,0.7281385688292414,0.9033187354626504,1.8550045207910817,79.1383130775639,20.861686922436107,-0.0054884957236376,-0.2958750591776038,319,127,185,False,,-0.100113905029634,-0.1296859246447222,78,1.8092953592546848,1.8021525551783737,0.0071428040763115,-0.0072298982391718,-0.0050458013347944,-0.0178955990267817,0.0189164591710402,-9.061999999999898,0.0619880366092197,0.2477322070740584,-0.0007963665280843,0.0029531600076447,-0.002892195374558,-8.899127272727249,-0.003390848797913,0.0419237760893513,78.91497
B0018,194,24.0,1.458092355711902,3.4752194351784507,2.3532703553328904,4.188198669984733,0.2587418006364251,1.834928314651843,-1.8000309691416814,-2.013211476410487,0.0035939400914024,0.6124490248454585,31.22599987103565,23.21101499325785,38.24434303919528,3.8504748781567057,2941.375,4.188013057271598,3.470528678394029,0.7174843788775687,0.9098192119269944,1.8550045207910817,78.6031699313642,21.396830068635797,-0.0099269295547079,-0.5351431461996867,319,125,185,False,,-0.100113905029634,-0.1296859246447222,79,1.8000309691416814,1.8092953592546848,-0.0092643901130038,-0.0054884957236376,-0.003534640466599,0.0103973052590116,-0.0106541899516727,-4.360000000000127,0.006500476464344,-0.1104202627270147,-0.0012845119879931,0.0040782034679299,-0.0039381128456954,-10.743684848484834,-0.0005725011129857,0.0328198727613483,76.940285
B0018,197,24.0,1.44786609888914,3.470739535801023,2.362897904778893,4.184528192003684,0.2577237129459588,1.821630287224792,-1.7981302589297092,-2.014293661039269,0.0048263432801782,0.6145766343541279,31.0373234886888,22.93446707088835,38.06956259266949,3.887767420027259,2923.953,4.184406092157091,3.476629441262813,0.707776650894278,0.9021902033201732,1.8550045207910817,78.05189058362434,21.948109416375654,-0.010226256822762,-0.5512793477398645,319,122,185,False,,-0.100113905029634,-0.1296859246447222,80,1.7981302589297092,1.8000309691416814,-0.0019007102119721,-0.0099269295547079,-0.0044798993774275,0.0061007628687841,-0.0097077279832906,-17.422000000000025,-0.0076290086068212,-0.188676382346852,-0.002162997869993,0.0054290481743259,-0.0055315654608489,-13.246636363636354,0.0028977749766656,0.0070566845523608,76.39927
B0018,200,24.0,1.4527808777541982,3.474600910003521,2.420200016704328,4.1927676322495895,0.2561984574820731,1.7725676155452614,-1.8058248446047425,-2.013245286480298,0.0030147593152949,0.6046864853168988,30.811349225731828,22.715597927537367,37.81744565252647,3.887383858249649,2921.031,4.1927676322495895,3.475822076913363,0.7169455553362263,0.8791364086401001,1.8550045207910817,78.31683758563824,21.68316241436176,0.004914778865058,0.2649470020138977,319,119,185,False,,-0.100113905029634,-0.1296859246447222,81,1.8058248446047425,1.7981302589297092,0.0076945856750332,-0.010226256822762,0.0038613742024979,-0.0008073643494497,0.0091689044419482,-2.922000000000025,-0.023053794680073,-0.2259742629569707,-0.0020560053270822,0.0035640356208903,-0.0033575831084261,-12.138357575757578,0.0024597563380306,-0.024245121198716,77.10234
B0018,202,24.0,1.4425356364492432,3.4740521567700093,2.472605886588914,4.187873640279204,0.2512971706951936,1.7152677536902896,-1.795955865281378,-2.0138967840468363,0.0018891165203542,0.6181698739348518,30.93222317974605,22.816866662883296,37.90256777035479,3.897848816437029,2902.75,4.1877899337285145,3.490006746602984,0.6977831871255304,0.8509176263251258,1.8550045207910817,77.76453481817188,22.23546518182812,-0.0102452413049549,-0.5523027674663581,319,117,185,False,,-0.100113905029634,-0.1296859246447222,82,1.795955865281378,1.8058248446047425,-0.0098689793233643,0.004914778865058,-0.0005487532335117,0.0141846696896208,-0.0191623682106958,-18.28099999999995,-0.0282187823149743,0.1208739540142218,-0.0016251433832877,0.0035251682225745,-0.0032564869068769,-11.636836363636364,-0.0012201197943055,-0.0267466727520872,76.53874
B0018,204,24.0,1.4392712877203313,3.475075728648004,2.483165462226557,4.1880559282136725,0.2509904827066951,1.7048904659871154,-1.7951057003644757,-2.0132739002306224,0.001403219773102,0.618933989993131,31.215527070380897,23.144424017860068,38.16628336469349,3.886597635856424,2897.875,4.187757134600847,3.491787123567605,0.6959700110332427,0.8462350860389796,1.8550045207910817,77.58855957432074,22.41144042567926,-0.0032643487289119,-0.1759752438511412,319,115,185,False,,-0.100113905029634,-0.1296859246447222,83,1.7951057003644757,1.795955865281378,-0.0008501649169023,-0.0102452413049549,0.0010235718779947,0.0017803769646209,-0.0018131760922877,-4.875,-0.0046825402861462,0.2833038906348477,-0.0015379643115515,0.0031401413466512,-0.0030450510323892,-10.91282424242425,-0.0010612872931831,-0.0079765552449043,76.5315
B0018,206,24.0,1.4286475681888218,3.472424307596416,2.434198683008624,4.188063095530185,0.2548410428555989,1.7538644125215614,-1.7940097981352856,-2.0131642650090824,0.0030231667836495,0.6205845867664036,31.40079708433756,23.36546101646915,38.36789486715962,3.875197172213356,2892.094,4.1878615032964905,3.487044876202592,0.7008166270938987,0.8698915511848414,1.8550045207910817,77.01585371768061,22.984146282319387,-0.0106237195315095,-0.5727058566401269,319,113,185,False,,-0.100113905029634,-0.1296859246447222,84,1.7940097981352856,1.7951057003644757,-0.00109590222919,-0.0032643487289119,-0.0026514210515879,-0.0047422473650131,0.0048466160606559,-5.780999999999949,0.0236564651458618,0.1852700139566643,-0.0013803544186801,0.0030059893876052,-0.0029390105501053,-10.04691515151516,-0.0011482574963884,0.0162857030359859,76.62917
B0018,209,24.0,1.4249026750004896,3.471751102262539,2.497859027600416,4.185913481526783,0.2494978939608663,1.688054453926367,-1.7841592631620102,-2.012453716602352,0.0024527231990189,0.6322457302959145,31.25921326972124,23.10859423301546,38.19823604401131,3.908607185348421,2886.921,4.185828871638821,3.504583247086097,0.6812456245527243,0.8377830456945562,1.8550045207910817,76.81397317526904,23.18602682473096,-0.0037448931883321,-0.2018805424115726,319,110,185,False,,-0.100113905029634,-0.1296859246447222,85,1.7841592631620102,1.7940097981352856,-0.0098505349732753,-0.0106237195315095,-0.0006732053338769,0.0175383708835052,-0.0195710025411743,-5.173000000000229,-0.0321085054902852,-0.1415838146163217,-0.0012048432146378,0.0040592450938526,-0.0041166995812603,-9.190721212121232,-0.0035845990679837,0.0180215004800689,75.76466
B0018,212,24.0,1.4698115324524124,3.4745407296058963,2.374740845794832,4.187259539606346,0.2595401980411204,1.8125186938115148,-1.8136320536623207,-2.013506755621097,0.0031177160092426,0.5946002285557522,31.134701292957462,23.10528361267006,38.09998280757164,3.860822526667847,2942.531,4.187068171962331,3.4303014607858104,0.7567667111765202,0.8987884057293942,1.8550045207910817,79.23492994106556,20.76507005893444,0.0449088574519227,2.420956765796518,319,107,185,False,,-0.100113905029634,-0.1296859246447222,86,1.8136320536623207,1.7841592631620102,0.0294727905003104,-0.0037448931883321,0.0027896273433571,-0.0742817863002867,0.0755210866237958,55.61000000000013,0.061005360034838,-0.1245119767637774,-0.0008113269857324,0.0001446801267907,-0.000231940866563,-5.242496969696984,-0.0020445630567412,0.0085038970529078,78.26639
B0018,214,24.0,1.4525819651050202,3.471720060423485,2.3589340839760866,4.187670932765983,0.260516253498242,1.8287368487898967,-1.810960446087532,-2.014872086495032,0.0025045836690967,0.5979305613457744,31.24687969598809,23.26167836334653,38.21452378284136,3.845745944426188,2912.469,4.187577343783777,3.4405762245177645,0.7470011192660122,0.9064925136866558,1.8550045207910817,78.30611455790711,21.69388544209289,-0.0172295673473921,-0.9288153831584508,319,105,185,False,,-0.100113905029634,-0.1296859246447222,87,1.810960446087532,1.8136320536623207,-0.0026716075747887,0.0449088574519227,-0.0028206691824115,0.010274763731954,-0.0097655919105079,-30.061999999999895,0.0077041079572616,0.1121784030306294,-0.0004151847214406,-0.001711327617358,0.0015871768939185,-3.443321212121221,-0.0024430578190736,0.0104008629399744,78.62164
B0018,216,24.0,1.442834198908794,3.471398409828823,2.4413266342198545,4.187836103953847,0.2544263229056697,1.746509469733993,-1.800802328247715,-2.012630004080512,0.0016023425232613,0.6114932928667776,31.027558674438325,23.027044613835702,37.93969653616424,3.856206251259731,2895.594,4.187354359976366,3.4678309729542223,0.7195233870221438,0.8670844119243781,1.8550045207910817,77.78062979024362,22.219370209756377,-0.0097477661962261,-0.5254847676634853,319,103,185,False,,-0.100113905029634,-0.1296859246447222,88,1.800802328247715,1.810960446087532,-0.0101581178398169,-0.0172295673473921,-0.0003216505946617,0.0272547484364578,-0.0274777322438684,-16.875,-0.0394081017622777,-0.2193210215497671,-0.0002265517718275,-0.0028198041983456,0.0027106791481637,-2.655666666666664,-0.0016483898106517,0.0149328684953304,78.66012
B0018,218,24.0,1.428376058807949,3.4626491088970703,2.311419659807122,4.18719517574786,0.2638593220958803,1.8757755159407377,-1.798647877727257,-2.012054810012164,0.0024115620742285,0.6138855024551874,30.931917385258963,22.78902352526249,38.06666733482501,3.9414476470124526,2884.406,4.187000411288135,3.46373200309395,0.7232684081941847,0.9311525582817192,1.8550045207910817,77.0012171290454,22.9987828709546,-0.014458140100845,-0.7794126611982222,319,101,185,False,,-0.100113905029634,-0.1296859246447222,89,1.798647877727257,1.800802328247715,-0.002154450520458,-0.0097477661962261,-0.0087493009317527,-0.0040989698602724,0.0037450211720408,-11.188000000000102,0.064068146357341,-0.0956412891793618,-0.0006616365306138,-0.0035520357522529,0.0034326024005554,-2.1611636363636344,0.0035134733820149,0.0106305008751548,75.673485
B0018,220,24.0,1.4154547844370715,3.466072725920186,2.495315923820125,4.183339938829854,0.2494437974542666,1.6880240150097283,-1.7804067367547436,-2.011816454093025,0.0039222395137717,0.6370599693980358,30.66708223665601,22.47935333131366,37.63260475617888,3.93067479455812,2873.766,4.183339938829854,3.501682834204815,0.6816571046250388,0.8374220430274707,1.8550045207910817,76.30465417051595,23.69534582948405,-0.0129212743708775,-0.696562958529455,319,99,185,False,,-0.100113905029634,-0.1296859246447222,90,1.7804067367547436,1.798647877727257,-0.0182411409725133,-0.014458140100845,0.0034236170231154,0.0379508311108653,-0.0416113035691458,-10.639999999999873,-0.0937305152542484,-0.2648351486029483,-0.0010562709098905,-0.0017251205052233,0.0011675268737244,-2.7179575757575685,0.00279557642515,-0.0171312096037392,75.444984
B0018,223,24.0,1.454576670077708,3.473067053341288,2.4398479869382084,4.192209704853633,0.256998603773989,1.752361717915425,-1.8167125180994763,-2.0147251295387147,0.0032022373391061,0.5905432240305882,31.22678910771077,23.14563143539215,38.18223603956323,3.894243733720098,2893.375,4.1920532879108094,3.4458804859914856,0.7461728019193239,0.8683968247215536,1.8550045207910817,78.41364556121901,21.586354438780987,0.0391218856406365,2.108991390703068,319,96,185,False,,-0.100113905029634,-0.1296859246447222,91,1.8167125180994763,1.7804067367547436,0.0363057813447327,-0.0129212743708775,0.0069943274211023,-0.0558023482133296,0.064515697294285,19.608999999999924,0.0309747816940828,0.5597068710547539,-0.0007554041814151,-0.003299471486363,0.0033493502380963,-1.7916424242424194,0.0030153619795054,-0.0249406325006231,78.595375
B0018,225,24.0,1.4283179548274056,3.4668548162926327,2.376538319699514,4.186622455926472,0.2594057712811111,1.8100841362269573,-1.7981268087177564,-2.01362953818943,0.0022908479361973,0.615175869824526,31.387733116648285,23.299987417730907,38.3907466519188,3.9188316151382807,2884.9839999999967,4.186468489789535,3.460221345909229,0.7262471438803053,0.8978946533229598,1.8550045207910817,76.99808484662279,23.00191515337721,-0.0262587152503024,-1.415560714596225,319,94,185,False,,-0.100113905029634,-0.1296859246447222,92,1.7981268087177564,1.8167125180994763,-0.0185857093817198,0.0391218856406365,-0.0062122370486554,0.0143408599177434,-0.0199256580390185,-8.39100000000326,0.0294978286014062,0.1609440089375162,-0.0008113780934372,-0.0027830207239312,0.0028125586580135,-2.206527272727445,0.0030930446234671,-0.0209486626057724,75.63841
B0018,227,24.0,1.4197026883204058,3.46527367520258,2.3722299202290382,4.186945959000922,0.260048576731528,1.814716038771884,-1.796443922299482,-2.0143431411678145,0.0027427735050577,0.6175723216535413,31.50566683829289,23.43938495660897,38.51622654624205,3.914095366589241,2870.234,4.18673673325988,3.465380072924864,0.7213566603350166,0.8996721585189351,1.8550045207910817,76.53365112635747,23.46634887364253,-0.0086152665069998,-0.464433720265319,319,92,185,False,,-0.100113905029634,-0.1296859246447222,93,1.796443922299482,1.7981268087177564,-0.0016828864182745,-0.0262587152503024,-0.0015811410900528,0.005158727015635,-0.0048904835452887,-14.749999999996817,0.0017775051959753,0.1179337216446043,-0.0007981174490821,-0.0015054578939901,0.0015431173662198,-3.535612121212257,0.0023860942348257,0.0028416492162314,75.63246
B0018,229,24.0,1.4155606630306516,3.4638878223448684,2.361475505115684,4.18744003081614,0.2614012721012322,1.8259645257004555,-1.795371462470329,-2.013805013275104,0.0024947638057852,0.6185854999461717,31.5462258449116,23.52414825084503,38.56612180540248,3.8983467287559375,2864.11,4.187094944339141,3.4695766912945536,0.7175182530445876,0.9056017098528906,1.8550045207910817,76.31036189749955,23.689638102500453,-0.0041420252897541,-0.2232892288579222,319,90,185,False,,-0.100113905029634,-0.1296859246447222,94,1.795371462470329,1.796443922299482,-0.0010724598291529,-0.0086152665069998,-0.0013858528577115,0.0041966183696895,-0.0038384072904289,-6.123999999999796,0.0059295513339554,0.0405590066187109,-0.0009183974131878,4.947030481584523e-06,7.969918018245051e-05,-5.249090909090994,0.0029319495046702,0.0376787590822822,76.87502
B0018,232,24.0,1.405680035419228,3.457807923440064,2.317937855025735,4.1845980039811215,0.2637843275246904,1.866660148955387,-1.7937175263130196,-2.014010365385768,0.0036577323801656,0.621305543593045,31.38997788229748,23.166973356692417,38.5606541602861,3.9985715147003824,2846.64,4.18420710718704,3.470897658887852,0.7133094482991882,0.925157190631229,1.8550045207910817,75.77771480684933,24.222285193150668,-0.0098806276114236,-0.5326470906502152,319,87,185,False,,-0.100113905029634,-0.1296859246447222,95,1.7937175263130196,1.795371462470329,-0.0016539361573093,-0.0041420252897541,-0.0060798989048045,0.0013209675932981,-0.0042088047453994,-17.470000000000255,0.0195554807783384,-0.1562479626141204,-0.0013117160337347,0.0029683650329794,-0.0031204676274481,-7.921145454545518,0.0019710499216408,0.0527915589758803,75.757645
B0018,235,24.0,1.4084461071166137,3.459813554486507,2.3372859753156225,4.186742025132256,0.2640184979343566,1.8494560498166333,-1.801451773488821,-2.01313706710909,0.0021603358076119,0.6106925334860716,31.385433749863733,23.27596280218644,38.53842073636507,3.9657190589451488,2839.532,4.186203003591801,3.463695994913882,0.7225070086779195,0.9177087446944312,1.8550045207910817,75.92682882066349,24.073171179336512,0.0027660716973856,0.149114013814156,319,84,185,False,,-0.100113905029634,-0.1296859246447222,96,1.801451773488821,1.7937175263130196,0.0077342471758012,-0.0098806276114236,0.0020056310464431,-0.0072016639739698,0.0091975603787313,-7.10799999999972,-0.0074484459367978,-0.0045441324337467,-0.0012406532128278,0.0009951560738264,-0.0011728626243066,-6.785321212121231,0.0036118149269672,0.0577706730424616,75.74509
B0018,237,24.0,1.3968547782872414,3.458027727779737,2.35288102649522,4.1871520936423146,0.2624021548644072,1.8342710671470952,-1.791521575337878,-2.0146560328783325,0.0039719594997676,0.6236313916998142,31.42370719914205,23.24250038456045,38.548873480234754,3.983738947024171,2832.703,4.187034228023883,3.476025252893392,0.7110089751304911,0.9086721644963328,1.8550045207910817,75.30196086484692,24.69803913515308,-0.0115913288293723,-0.6248679558165691,319,82,185,False,,-0.100113905029634,-0.1296859246447222,97,1.791521575337878,1.801451773488821,-0.0099301981509429,0.0027660716973856,-0.00178582670677,0.01232925797951,-0.0114980335474283,-6.829000000000178,-0.0090365801980983,0.0382734492783214,-0.0012765325199735,-2.5345887684402264e-05,-8.81934268938264e-05,-6.777648484848465,0.0050439453130021,0.0692768087031598,75.50798
B0018,239,24.0,1.3935670371440676,3.4613996718507845,2.4646122144537173,4.187096292904282,0.2543634827295897,1.7224840784505644,-1.7816941240706174,-2.013905602750019,0.0035004779826549,0.6362211262767111,31.435368910968148,23.25643130784119,38.45838357496903,3.967465813626225,2827.077999999994,4.186702452011757,3.4959869797550738,0.6907154722566835,0.8538112851454274,1.8550045207910817,75.12472457747809,24.87527542252191,-0.0032877411431737,-0.177236287368828,319,80,185,False,,-0.100113905029634,-0.1296859246447222,98,1.7816941240706174,1.791521575337878,-0.0098274512672604,-0.0115913288293723,0.0033719440710475,0.0199617268616818,-0.0202935028738076,-5.625000000005912,-0.0548608793509054,0.0116617118260933,-0.0009839633096305,0.0014302716526526,-0.0015060229705463,-7.234933333333596,0.0008300373041124,0.0646542726249458,74.86609
B0018,241,24.0,1.3893644292809475,3.461128547669321,2.4684655225527004,4.187367312766795,0.2545140042760805,1.7189017902140944,-1.7797379985412234,-2.0129862192992305,0.0019150019110163,0.6387591462974623,31.542375291159843,23.40948042071164,38.54382874673793,3.964246511125985,2821.531,4.187149487048271,3.498486525112168,0.6886629619361031,0.8530948178102941,1.8550045207910817,74.89816944965945,25.10183055034055,-0.0042026078631201,-0.2265551278186421,319,78,185,False,,-0.100113905029634,-0.1296859246447222,99,1.7797379985412234,1.7816941240706174,-0.001956125529394,-0.0032877411431737,-0.0002711241814634,0.0024995453570944,-0.0020525103205804,-5.546999999994114,-0.0007164673351333,0.1070063801916951,-0.0011682725958109,0.0024076784423785,-0.0024369526988161,-7.910151515151673,0.0010091454011164,0.054549207866081,74.92462
B0018,244,24.0,1.378565141566671,3.455556822823358,2.409292353940073,4.18534593452204,0.2589834605607093,1.7760535805819666,-1.7856528650965158,-2.0130373888261315,0.0035633455174765,0.6312222058682411,31.52669677306915,23.25216185853628,38.650883957434026,4.030635450508156,2805.156,4.1851927389272,3.490122985847868,0.6950697530793328,0.8807165198023503,1.8550045207910817,74.31599902402237,25.684000975977625,-0.0107992877142764,-0.5821704256370737,319,75,185,False,,-0.100113905029634,-0.1296859246447222,100,1.7856528650965158,1.7797379985412234,0.0059148665552923,-0.0042026078631201,-0.005571724845963,-0.0083635392643004,0.0064067911432297,-16.375,0.0276217019920562,-0.0156785180906915,-0.0014098219662574,0.0050376806551612,-0.005373048041967,-9.425763636363682,-0.0026076547983969,0.0185337848693349,74.89828
B0018,247,24.0,1.384901110085747,3.459598362944341,2.477625480372779,4.186646524222555,0.2543532391096489,1.7090210438497755,-1.7784070647657095,-2.012440412153309,0.0025270257598763,0.6396665691444494,31.43592191429037,23.267794615238977,38.45654834997334,3.9799942134001074,2814.906,4.186507115127164,3.5002914337238367,0.6862156814033269,0.8481631075982722,1.8550045207910817,74.65755983684312,25.34244016315688,0.0063359685190758,0.3415608128207452,319,72,185,False,,-0.100113905029634,-0.1296859246447222,101,1.7784070647657095,1.7856528650965158,-0.0072458003308062,-0.0107992877142764,0.004041540120983,0.0101684478759689,-0.0088540716760059,9.75,-0.0325534122040781,-0.0907748587787828,-0.0008371697069183,0.0046422883058287,-0.0046536238199997,-8.270654545454482,-0.0064598917539804,0.0044612272045098,74.93095
B0018,249,24.0,1.3703251814242443,3.4506569891269216,2.335608852853518,4.184730834033599,0.263423300497629,1.8491219811800803,-1.7778412667349817,-2.014185743260078,0.0023090961991655,0.6413506214395214,31.47523811288649,23.18183250077672,38.6564130442344,4.050740963804575,2801.156,4.184557643390084,3.488365679744425,0.696191963645659,0.9169981221851048,1.8550045207910817,73.87179740348331,26.128202596516687,-0.0145759286615025,-0.7857624333598068,319,70,185,False,,-0.100113905029634,-0.1296859246447222,102,1.7778412667349817,1.7784070647657095,-0.0005657980307278,0.0063359685190758,-0.0089413738174193,-0.0119257539794115,0.0099762822423321,-13.75,0.0688350145868326,0.0393161985961221,-0.0010031210299918,0.0038929309735615,-0.0039916629751004,-7.473806060606104,-0.0043457124662697,0.0007278469488883,74.77052
B0018,251,24.0,1.3733464385229082,3.455515243082573,2.441999086782534,4.187175976285891,0.2569366308625665,1.745176889503357,-1.7764462760420034,-2.014463667770562,0.0027455024461359,0.6426186512846561,31.5817445550721,23.347201662807525,38.655587491253975,4.0183573093301135,2794.187,4.187087122858351,3.49966327180236,0.6874238510559918,0.8651442375288637,1.8550045207910817,74.03466800917732,25.96533199082268,0.0030212570986638,0.1628706056940103,319,68,185,False,,-0.100113905029634,-0.1296859246447222,103,1.7764462760420034,1.7778412667349817,-0.0013949906929782,-0.0145759286615025,0.0048582539556512,0.0112975920579345,-0.0087681125896672,-6.969000000000051,-0.051853884656241,0.1065064421856085,-0.0008131487897823,0.0037625776293125,-0.0037696898382974,-7.024321212121192,-0.005172983739012,0.009605490482871,74.54176
B0018,253,24.0,1.3679487285504814,3.455840338587253,2.465168783147216,4.186108406696249,0.2554511373660127,1.7209396235490333,-1.7752748972563317,-2.013348921415113,0.0035376525560346,0.6439585053065756,31.647958536134297,23.433341482891272,38.6997087046862,4.016418469674935,2785.391,4.186108406696249,3.503533537088468,0.6825748696077811,0.853265446732877,1.8550045207910817,73.7436870486498,26.2563129513502,-0.0053977099724267,-0.29098096052752,319,66,185,False,,-0.100113905029634,-0.1296859246447222,104,1.7752748972563317,1.7764462760420034,-0.0011713787856717,0.0030212570986638,0.0003250955046802,0.0038702652861082,-0.0048489814482106,-8.795999999999822,-0.0118787907959867,0.066213981062198,-0.0005795502323163,0.0037075502964972,-0.0036567936388918,-6.541103030302923,-0.0058343653784829,0.023876585342958,74.5275
B0018,256,24.0,1.3567141087089647,3.448678293668265,2.370892032033162,4.183460397462309,0.2612930004988529,1.812568365429147,-1.7742013268724648,-2.013428528654807,0.0077713611972704,0.6451719450259635,31.662032275252905,23.298067848672567,38.87481687744787,4.093913010011415,2779.5,4.183460397462309,3.49645464004892,0.6870057574133885,0.8967783812623307,1.8550045207910817,73.13804864100184,26.861951358998155,-0.0112346198415167,-0.6056384076479588,319,63,185,False,,-0.100113905029634,-0.1296859246447222,105,1.7742013268724648,1.7752748972563317,-0.0010735703838669,-0.0053977099724267,-0.0071620449189881,-0.0070788970395478,0.0044308878056074,-5.891000000000076,0.0435129345294537,0.0140737391186078,-0.0010443900064171,0.0029428676823639,-0.0031592434702457,-6.589709090908918,-0.002184236559973,0.02726568432951,74.50104
B0018,259,24.0,1.4604310209194575,3.474503178644755,2.461879783248223,4.187091541628412,0.2556944497754274,1.7252117583801891,-1.8196650877007408,-2.01277944734302,0.0026017060660145,0.586549765279328,30.434500875864146,22.45542569835154,37.36397452607736,3.853494200172745,2899.234,4.18705065732399,3.4124077925269103,0.7746428647970798,0.8560225719397935,1.8550045207910817,78.72924322020762,21.27075677979238,0.1037169122104928,5.591194579205776,319,60,185,False,,-0.100113905029634,-0.1296859246447222,106,1.8196650877007408,1.7742013268724648,0.0454637608282759,-0.0112346198415167,0.0258248849764899,-0.0840468475220097,0.0876371073836912,119.73399999999992,-0.0407558093225371,-1.227531399388759,0.0001437712245903,-0.003196080954399,0.0030505158644056,0.2325818181820702,-0.0009097293806742,-0.0399020460001856,78.676605
B0018,261,24.0,1.4500998937104097,3.474031881945217,2.424706636890725,4.18736921126964,0.2575575606682498,1.7626625743789148,-1.809683685421604,-2.0200047420918392,0.0091134131538031,0.6002875701859975,31.01799705807701,23.061560846748243,37.88258787662229,3.841559669354344,2894.922,4.187331785251929,3.4184683336986885,0.7688634515532402,0.8686840486948031,1.8550045207910817,78.17231049614925,21.82768950385075,-0.0103311272090478,-0.5569327240583704,319,58,185,False,,-0.100113905029634,-0.1296859246447222,107,1.809683685421604,1.8196650877007408,-0.0099814022791366,0.1037169122104928,-0.0004712966995379,0.0060605411717782,-0.0057794132438395,-4.311999999999898,0.0126614767550096,0.583496182212869,0.0010091141987081,-0.0075608289057405,0.0075465491356958,5.640745454545782,0.0012006763084748,-0.0611646894815388,78.711845
B0018,263,24.0,1.4381406901824496,3.474404210386772,2.444722297403138,4.187597633155394,0.2554759257484419,1.7428753357522555,-1.7993287687468955,-2.0133646895300226,0.0037645837135773,0.6132733366274968,31.39483761465523,23.475330204930167,38.15898073660424,3.800485467556789,2888.25,4.187126543921124,3.435059021261037,0.752067522660087,0.864037500655406,1.8550045207910817,77.52761106852412,22.47238893147588,-0.01195920352796,-0.6446994276251274,319,56,185,False,,-0.100113905029634,-0.1296859246447222,108,1.7993287687468955,1.809683685421604,-0.0103549166747085,-0.0103311272090478,0.0003723284415548,0.0165906875623482,-0.0167959288931531,-6.6720000000000255,-0.0046465480393971,0.376840556578216,0.0019255725208536,-0.0089921888453907,0.0090722742585269,9.555812121212128,-0.0001150536000213,-0.056177247378522,78.69437
B0018,265,24.0,1.4283681980964316,3.471767043833224,2.443569395327192,4.187608979498198,0.2569035121433625,1.744039584171006,-1.7959419603883284,-2.014594160102108,0.0043292079445975,0.6173426525372289,31.24511885640641,23.342810660410983,38.05243159675446,3.824354254118013,2873.906,4.18729395521499,3.4447128708336927,0.7425810843812974,0.863846350868856,1.8550045207910817,77.00079337204485,22.999206627955147,-0.009772492086018,-0.5268176964792701,319,54,185,False,,-0.100113905029634,-0.1296859246447222,109,1.7959419603883284,1.7993287687468955,-0.003386808358567,-0.01195920352796,-0.0026371665535478,0.0096538495726559,-0.0094864382787895,-14.344000000000053,-0.0001911497865499,-0.1497187582488202,0.0025224796790596,-0.0089918181058288,0.009200062055041,11.577200000000005,-0.0016129284769138,-0.0517312358785652,78.62169
B0018,267,24.0,1.4147874517552432,3.468530527297593,2.4666000274194886,4.186194120124063,0.2538859496650628,1.7195940927045743,-1.7956017209600372,-2.012470648259109,0.0041484754975605,0.618300999238423,31.05306925187263,23.05129068270268,37.89096376444466,3.861708394539825,2847.406,4.185839399154204,3.458429173900292,0.7274102252539132,0.8527113883067909,1.8550045207910817,76.26867945054364,23.73132054945636,-0.0135807463411883,-0.7321139215012096,319,52,185,False,,-0.100113905029634,-0.1296859246447222,110,1.7956017209600372,1.7959419603883284,-0.0003402394282912,-0.009772492086018,-0.0032365165356309,0.0137163030665989,-0.0151708591273842,-26.5,-0.011134962562065,-0.192049604533782,0.0024424497799682,-0.0081490527950605,0.0082739148548199,10.426618181818183,-0.0020070397614613,-0.0552027835925161,77.584145
B0018,270,24.0,1.413889163393182,3.46512136466626,2.4272514813701016,4.186991375693876,0.2585919449354963,1.7597398943237743,-1.7929541659933774,-2.0131822133527364,0.0047242265159618,0.6216320056247608,30.88589263299331,22.88189492356489,37.81203585126145,3.895447732318232,2849.281,4.186876031959964,3.45760615956929,0.7292698723906743,0.8720621826442446,1.8550045207910817,76.22025431993113,23.77974568006887,-0.0008982883620611,-0.0484251306125145,319,49,185,False,,-0.100113905029634,-0.1296859246447222,111,1.7929541659933774,1.7956017209600372,-0.0026475549666598,-0.0135807463411883,-0.0034091626313328,-0.0008230143310017,0.0018596471367611,1.875,0.0193507943374536,-0.1671766188793171,0.0022886445396668,-0.0062891152324632,0.0064669257845722,9.516187878787878,-0.0031764245139886,-0.0681037735736636,77.88792
B0018,272,24.0,1.3989331662177225,3.4652879859475885,2.4762628371779,4.185443351643291,0.2528324258666098,1.7091805144653909,-1.784474211719448,-2.0130225462243683,0.0013113732243447,0.6323087479107589,31.053992379018933,22.92564951928596,37.9591954678784,3.931967860502407,2833.688,4.185068078358122,3.473799879244527,0.711268199113595,0.8485090272089361,1.8550045207910817,75.41400306782735,24.585996932172648,-0.0149559971754595,-0.8062512521037775,319,47,185,False,,-0.100113905029634,-0.1296859246447222,112,1.784474211719448,1.7929541659933774,-0.0084799542739293,-0.0008982883620611,0.0001666212813282,0.016193719675237,-0.0180016732770793,-15.592999999999847,-0.0235531554353085,0.1680997460256215,0.0014808906696472,-0.0038235368722132,0.0038212437640048,6.421896969696975,-0.001331211621392,-0.0625475850009804,75.34595
B0018,274,24.0,1.3953322584033976,3.461799526154992,2.3607989727330003,4.186308413669027,0.2623696395685321,1.825509440936027,-1.793581043096934,-2.0189079388265974,0.0025506726829285,0.6220040809868876,31.492840068071885,23.43880589131317,38.52104349883516,3.947234529423152,2826.453,4.185773158707972,3.4534645231734142,0.732308635534558,0.9030654550838548,1.8550045207910817,75.21988452127043,24.78011547872957,-0.0036009078143248,-0.1941185465569219,319,45,185,False,,-0.100113905029634,-0.1296859246447222,113,1.793581043096934,1.784474211719448,0.0091068313774858,-0.0149559971754595,-0.0034884597925963,-0.0203353560711128,0.021040436420963,-7.235000000000127,0.0545564278749187,0.4388476890529524,0.0006293953556122,-0.0015374317907689,0.0015559388244462,2.074042424242422,0.0008630516324648,-0.0208478113782767,75.13381
B0018,276,24.0,1.390046129540245,3.463260140320492,2.377011586588198,4.187179397572641,0.2613577584434526,1.810167810984443,-1.7920645354970144,-2.012765928007659,0.0078113986722275,0.6233712946026018,31.93832684630049,23.89396136161553,38.87868799770175,3.9215405106927648,2818.312,4.187057458531915,3.455168986263728,0.7318884722681869,0.8958666352842937,1.8550045207910817,74.93491870022228,25.06508129977772,-0.0052861288631524,-0.2849658210481465,319,43,185,False,,-0.100113905029634,-0.1296859246447222,114,1.7920645354970144,1.793581043096934,-0.0015165075999195,-0.0036009078143248,0.0014606141655,0.0017044630903138,-0.0004201632663711,-8.141000000000076,-0.0071988197995611,0.4454867782286058,-0.0001969301893551,0.001659646522299,-0.00159960753502,-3.695369696969699,0.0014130814798861,0.0506431366065,75.3856
B0018,279,24.0,1.3860271454209647,3.462839429201602,2.456756319667845,4.1854460754417,0.255037979102087,1.7286897557738543,-1.7809541104468565,-2.013042493892728,0.0028245095443,0.6363041167015956,31.74562722135923,23.63803692335084,38.65118899876309,3.9322760275289097,2812.7189999999973,4.185266758520927,3.479281571059917,0.7059851874610104,0.8575415703647414,1.8550045207910817,74.7182624023947,25.2817375976053,-0.0040189841192803,-0.2166562978275834,319,40,185,False,,-0.100113905029634,-0.1296859246447222,115,1.7809541104468565,1.7920645354970144,-0.0111104250501579,-0.0052861288631524,-0.00042071111889,0.0241125847961889,-0.0259032848071765,-5.593000000002576,-0.0383250649195522,-0.1926996249412624,-0.0016136102655065,0.0062862672437316,-0.0064704084564484,-10.561630303030448,0.0022571374997024,0.1090418293518885,75.402565
B0018,282,24.0,1.388215260193751,3.4569152237960306,2.3277314025979847,4.193052368415502,0.2669734010088493,1.8653209658175176,-1.7989851707207014,-2.012206599766764,0.0024228717534561,0.6136015374226743,31.31018499405759,23.13184070770573,38.434235278537344,3.991914149737072,2803.5,4.192828647480177,3.455105228850889,0.737723418629288,0.9258878578848369,1.8550045207910817,74.83621978461461,25.163780215385387,0.0021881147727862,0.1179573822199131,319,37,185,False,,-0.100113905029634,-0.1296859246447222,116,1.7989851707207014,1.7809541104468565,0.0180310602738449,-0.0040189841192803,-0.0059242054055714,-0.0241763422090279,0.0317382311682776,-9.218999999997322,0.0683462875200954,-0.4354422273016389,-0.0018034199475696,0.0041992136339802,-0.0039976130043018,-10.351133333333449,0.0045877165918104,0.0608404291808906,75.56565
B0018,284,24.0,1.3761826562394497,3.4574690175816127,2.4537913827403948,4.186241953638429,0.2568228137679184,1.732450570898035,-1.7873231599598716,-2.012141821898546,0.0031921291370735,0.6283660366326043,31.12736034547181,23.032251614508017,38.10387572433,3.9586881060793737,2783.25,4.18585690434635,3.480977907386269,0.7048789969600815,0.8596344888685971,1.8550045207910817,74.18756347033406,25.812436529665945,-0.0120326039543012,-0.6486563142805579,319,35,185,False,,-0.100113905029634,-0.1296859246447222,117,1.7873231599598716,1.7989851707207014,-0.0116620107608298,0.0021881147727862,0.0005537937855821,0.02587267853538,-0.0328444216692065,-20.25,-0.0662533690162398,-0.1828246485857789,-0.0017812551443432,0.0034098884306532,-0.0032541172392432,-10.372236363636445,0.0033017220552448,0.030952167983727,74.86936
B0018,286,24.0,1.3647168898640163,3.45021917812178,2.3475608877759067,4.186011006323472,0.2643003813390103,1.8384501185475648,-1.7861666392556754,-2.01231372073967,0.0039249640645347,0.6300010907202901,30.985550813719595,22.829010081336715,38.12742842632319,4.022154827610383,2776.391,4.1853378476861,3.474553150815604,0.7107846968704963,0.9118216669501584,1.8550045207910817,73.56946436346267,26.43053563653733,-0.0114657663754333,-0.6180991068713837,319,33,185,False,,-0.100113905029634,-0.1296859246447222,118,1.7861666392556754,1.7873231599598716,-0.0011565207041961,-0.0120326039543012,-0.0072498394598325,-0.0064247565706652,0.0059056999104147,-6.858999999999924,0.0521871780815613,-0.1418095317522159,-0.0019289522414452,0.0026184759950516,-0.002532651834455,-9.858666666666709,0.0046622226335465,0.0171259295853564,75.003914
B0018,288,24.0,1.3589854739373584,3.448672805179396,2.3558347560196564,4.18675624032869,0.2639314033167134,1.8309214843090336,-1.7849995504167615,-2.0131811880616888,0.0021019743314778,0.630878906976592,30.89965328075741,22.67782621456358,38.03962943213698,4.045052346052421,2766.516,4.186191692551651,3.478489619456452,0.7077020730951991,0.9085182263592172,1.8550045207910817,73.2604939074654,26.7395060925346,-0.0057314159266579,-0.3089704559972688,319,31,185,False,,-0.100113905029634,-0.1296859246447222,119,1.7849995504167615,1.7861666392556754,-0.0011670888389139,-0.0114657663754333,-0.0015463729423843,0.0039364686408482,-0.0030826237752972,-9.875,-0.0033034405909412,-0.0858975329621856,-0.0020436561509138,0.0022066532804058,-0.0021113608749104,-9.48413333333334,0.0052505902084541,-0.0064058272101378,75.02149
B0018,291,24.0,1.34623087640088,3.444632719716698,2.379110236294476,4.1831553230638425,0.2616975446168244,1.8040450867693671,-1.778331020505836,-2.013273464922821,0.002880850510536,0.639379848746925,30.70612364496648,22.35025648802666,37.85657903247749,4.086965241473662,2751.516,4.183103192995574,3.487993649197899,0.6951095437976753,0.8947951418994439,1.8550045207910817,72.57291620112973,27.42708379887027,-0.0127545975364784,-0.6875777063356736,319,28,185,False,,-0.100113905029634,-0.1296859246447222,120,1.778331020505836,1.7849995504167615,-0.0066685299109254,-0.0057314159266579,-0.0040400854626976,0.0095040297414468,-0.0125925292975237,-15.0,-0.0137230844597733,-0.1935296357909308,-0.0023145659618889,0.0028182372576393,-0.0029655498638915,-10.392751515151488,0.0038066177875956,-0.0491095914037654,74.78987
B0018,294,24.0,1.4268427818454643,3.467272639213176,2.444740635238248,4.191989955143364,0.2590954604625469,1.7472493199051158,-1.809775952165901,-2.013950042532596,0.0031832258024873,0.5998929255667806,30.47122187456595,22.367517988223096,37.43017193410286,3.9229679264032944,2848.859,4.191804162788413,3.427989429916725,0.7638147328716878,0.8662042054104208,1.8550045207910817,76.91856089045949,23.08143910954051,0.0806119054445844,4.34564468932976,319,25,185,False,,-0.100113905029634,-0.1296859246447222,121,1.809775952165901,1.778331020505836,0.0314449316600649,-0.0127545975364784,0.0226399194964779,-0.0600042192811738,0.0687051890740124,97.34299999999983,-0.0285909364890231,-0.2349017704005298,-0.0012881781868917,-0.0002563610788652,0.0004433168021755,-4.7044484848484345,0.00158308659174,-0.1115658860668775,76.03829
B0018,296,24.0,1.4064481483279665,3.464490491162134,2.431867772331712,4.185628679672912,0.2572003143860091,1.7537609073412002,-1.7896694300229208,-2.012375320433943,0.0020467170443975,0.6259143571313354,30.939221783021114,22.904023394656047,37.8264149292754,3.901367821909319,2840.016,4.185464884609619,3.44397698882391,0.741487895785709,0.8706025225660077,1.8550045207910817,75.81912240991065,24.180877590089352,-0.0203946335174978,-1.0994384805488409,319,23,185,False,,-0.100113905029634,-0.1296859246447222,122,1.7896694300229208,1.809775952165901,-0.0201065221429801,0.0806119054445844,-0.0027821480510419,0.0159875589071849,-0.0223268370859788,-8.842999999999847,0.0043983171555869,0.467999908455166,-0.0004285119116435,-0.0010203387735674,0.0010155188574323,-0.532909090908999,-0.0018997409733304,-0.1322619510376681,77.11874
B0018,298,24.0,1.3934907492075153,3.459667012281024,2.344037291947413,4.186834478731371,0.2645119375542321,1.842797186783958,-1.79700972481249,-2.0124205467796688,0.0033289159470451,0.616291401136465,31.11164063156189,23.11186259982214,38.08307173716899,3.905016590522514,2817.375,4.186834478731371,3.4345905788343294,0.7522438998970418,0.914199517776975,1.8550045207910817,75.12061203027417,24.879387969725823,-0.0129573991204512,-0.698510379636474,319,21,185,False,,-0.100113905029634,-0.1296859246447222,123,1.79700972481249,1.7896694300229208,0.0073402947895693,-0.0203946335174978,-0.0048234788811103,-0.0093864099895806,0.0107560041113328,-22.64100000000008,0.0435969952109672,0.1724188485407758,-5.484186716903397e-05,-0.0032905032915861,0.0032108084538307,1.8446303030304243,0.0003647446301364,-0.1129056801997005,75.26041
B0018,300,24.0,1.3882493512249316,3.462241956955771,2.456436863057259,4.186613091061155,0.2559372101503028,1.7301762280038964,-1.7861513769566684,-2.0131578787415245,0.0032533047122303,0.6297547238438339,31.037910219908994,23.04417103672731,37.88279649093536,3.891840650133118,2809.234,4.185890317458504,3.463052037166904,0.7228382802916,0.8580473279464812,1.8550045207910817,74.83805757157408,25.16194242842592,-0.0052413979825836,-0.2825544587000905,319,19,185,False,,-0.100113905029634,-0.1296859246447222,124,1.7861513769566684,1.79700972481249,-0.0108583478558217,-0.0129573991204512,0.0025749446747473,0.0284614583325746,-0.0294056196054417,-8.141000000000076,-0.0561521898304937,-0.073730411652896,0.0005825026357368,-0.0036658186722425,0.0035325047102046,3.345418181818323,-0.0010484961400685,-0.0632513504001657,76.94976
B0018,302,24.0,1.3701878338420928,3.4555661695067355,2.395547668334432,4.183907160253637,0.2596982368038693,1.7883594919192047,-1.784162084841115,-2.0123169807019234,0.0040235096530836,0.6324689086646982,30.96795084053884,22.83426471365,37.96027066990377,3.9665391332141313,2791.187,4.183775890805592,3.4638112912405465,0.7199645995650452,0.8869332835766924,1.8550045207910817,73.86439323920165,26.135606760798357,-0.0180615173828389,-0.9736643323724364,319,17,185,False,,-0.100113905029634,-0.1296859246447222,125,1.784162084841115,1.7861513769566684,-0.0019892921155533,-0.0052413979825836,-0.0066757874490357,0.0007592540736425,-0.0028736807265548,-18.047000000000025,0.0288859556302112,-0.0699593793701573,0.0008400074864022,-0.002487766673417,0.0020802683880043,3.598993939393927,-0.002982727811895,-0.0193454874848874,74.98322
B0018,305,24.0,1.379695166560862,3.458696199585801,2.453674917297921,4.18533882899107,0.2567368169580032,1.7316639116931487,-1.7845257009241222,-2.0152254170182307,0.0030324690133305,0.632625610318277,30.93996203578424,22.83589303178486,37.880513353762176,3.955686030516635,2794.016,4.184700856653747,3.473054155492156,0.7116467011615915,0.8579993288657807,1.8550045207910817,74.37691666500521,25.62308333499479,0.0095073327187693,0.5125234258035647,319,14,185,False,,-0.100113905029634,-0.1296859246447222,126,1.7845257009241222,1.784162084841115,0.0003636160830071,-0.0180615173828389,0.0031300300790655,0.0092428642516093,-0.0083178984034537,2.8290000000001783,-0.0289339547109117,-0.0279888047545959,0.0009614549470072,-0.0022297960466889,0.002120763174967,3.653272727272719,-0.0022950192176673,0.0034306119063387,74.96318
B0018,307,24.0,1.3686586323935683,3.4525282614097663,2.3062728144586413,4.185280284017658,0.2674956170053475,1.8790074695590169,-1.7920667435100546,-2.01421415925087,0.0116298934258857,0.623598617743903,31.295019295352866,23.179921311075763,38.43416278222213,4.011703374555781,2774.719,4.184705779748733,3.44948309373786,0.7352226860108737,0.927518318636756,1.8550045207910817,73.78195670433692,26.21804329566308,-0.0110365341672937,-0.5949599606682909,319,12,185,False,,-0.100113905029634,-0.1296859246447222,127,1.7920667435100546,1.7845257009241222,0.0075410425859323,0.0095073327187693,-0.0061679381760346,-0.0235710617542959,0.0235759848492822,-19.297000000000025,0.0695189897709753,0.3550572595686248,0.0007618014165671,-0.0017502372089428,0.0015736740844609,1.4199454545454473,-0.0014093657337532,0.0378727120140543,74.82415
B0018,309,24.0,1.3627371779096438,3.4552290080443044,2.3471092023857154,4.186281579801858,0.2641142102955423,1.8391723774161428,-1.782779873271704,-2.0128415184323125,0.0017904051864931,0.635139666997203,31.81846533166901,23.715085051859607,38.847489737859576,3.980924402691639,2777.844,4.186190318516221,3.459275126150541,0.7269151923656807,0.912907393084742,1.8550045207910817,73.46274160714678,26.537258392853214,-0.0059214544839245,-0.3192150971901384,319,10,185,False,,-0.100113905029634,-0.1296859246447222,128,1.782779873271704,1.7920667435100546,-0.0092868702383506,-0.0110365341672937,0.0027007466345381,0.009792032412681,-0.008307493645193,3.125,-0.014610925552014,0.5234460363161446,0.0002860266618626,-0.0007831293000838,0.0005993600127806,-0.9967878787878804,0.0013356390798137,0.0893802156236415,75.204605
B0018,311,24.0,1.3634051133928071,3.4619744219744675,2.4884289104730986,4.185356132672309,0.2539173569253529,1.6969272221992109,-1.772521291595312,-2.014392678620289,0.0047826556291143,0.6472460682723474,32.00067162597675,24.038521624132176,38.80283421497622,3.885184859731764,2781.125,4.184617620212458,3.484328701795344,0.7002889184171135,0.8404060773801088,1.8550045207910817,73.49874882306874,26.501251176931262,0.0006679354831633,0.0360072159219555,319,8,185,False,,-0.100113905029634,-0.1296859246447222,129,1.772521291595312,1.782779873271704,-0.010258581676392,-0.0059214544839245,0.006745413930163,0.0250535756448031,-0.0266262739485672,3.280999999999949,-0.0725013157046332,0.1822062943077398,1.4366835401691594e-05,0.0019981567007914,-0.0022283256834799,-3.910503030303029,-0.0001073630163842,0.1350038086289062,76.44121
B0018,314,24.0,1.3518646035305233,3.452221905520614,2.3992178234155577,4.181406543107895,0.2592424399841937,1.782188719692337,-1.769870119236631,-2.012835608795986,0.004238943215349,0.6498776113343834,31.73992229230571,23.56288829160871,38.72699121838442,3.998454935719956,2760.906,4.181406543107895,3.481460722799574,0.69994582030832,0.8835512390532216,1.8550045207910817,72.87662042753458,27.123379572465424,-0.0115405098622838,-0.6221283955341619,319,5,185,False,,-0.100113905029634,-0.1296859246447222,130,1.769870119236631,1.772521291595312,-0.0026511723586808,0.0006679354831633,-0.0097525164538536,-0.0028679789957699,-0.0003430981087935,-20.21900000000005,0.0431451616731128,-0.2607493336710398,-0.0012198191835713,0.0051858327108558,-0.0058243713548661,-9.104151515151512,0.000713736850804,0.1401570580755146,75.12249
B0018,317,24.0,1.3547969729652622,3.447650049442191,2.278633888650029,4.185252405343103,0.2701822921841344,1.906618516693074,-1.7884847819526568,-2.011864019911752,0.0034197270851084,0.6271065213681674,31.52613649688221,23.40147705036877,38.67191958148309,4.01073484507329,2753.25,4.18481632859354,3.457732208932067,0.7270841196614728,0.9460794389545802,1.8550045207910817,73.03469925709389,26.96530074290611,0.0029323694347389,0.1580788295593151,319,2,185,False,,-0.100113905029634,-0.1296859246447222,131,1.7884847819526568,1.769870119236631,0.0186146627160257,-0.0115405098622838,-0.0045718560784226,-0.0237285138675074,0.0271382993531528,-7.655999999999949,0.0625281999013586,-0.2137857954235009,-0.001286041334983,0.0031581318475637,-0.0034184217476389,-8.33968484848485,0.0031756931023887,0.1054582534136637,75.223465
B0018,319,24.0,1.341051440640485,3.447928507599004,2.365584676338373,4.185763363191996,0.2633941942740437,1.8201786868536227,-1.77774044867741,-2.0128686821286053,0.0030824584177925,0.6406746344246685,31.27624493654335,23.12358293794388,38.371813640118894,4.0288319974474485,2742.843,4.185409109511607,3.477276738661716,0.7081323708498912,0.9028882943860864,1.8550045207910817,72.29370201580872,27.70629798419128,-0.0137455323247772,-0.7409972412851715,319,0,185,False,,-0.100113905029634,-0.1296859246447222,132,1.77774044867741,1.7884847819526568,-0.0107443332752468,0.0029323694347389,0.0002784581568127,0.0195445297296492,-0.0189517488115815,-10.407000000000153,-0.0431911445684938,-0.2498915603388596,-0.001284701823414,0.0029018149692121,-0.0030894401454393,-7.573509090909096,0.0026068052358321,0.0755421499962041,75.048645
